,IGHA,IGHD,IGHE,IGHG,IGHM
DRR056252,,,24.0,50060.0,
DRR056253,1.0,1.0,20.0,56446.0,2.0
DRR056254,,,22.0,79921.0,
ERR1760498,,1.0,,13.0,51976.0
ERR1812282,19196.0,,461.0,26888.0,57451.0
ERR1812283,24306.0,,633.0,30119.0,97129.0
ERR1812284,47360.0,,1022.0,71490.0,74835.0
ERR1812285,49794.0,,1107.0,72045.0,109592.0
ERR1812286,18316.0,,303.0,18274.0,39208.0
ERR1812287,22790.0,,444.0,22984.0,54223.0
ERR1812288,7427.0,,279.0,7938.0,134669.0
ERR1812289,6560.0,1.0,205.0,5157.0,141290.0
ERR1812290,13434.0,,68.0,8518.0,88104.0
ERR1812291,13279.0,,109.0,9312.0,126313.0
ERR1812292,16409.0,,65.0,13413.0,153398.0
ERR1812293,17443.0,,139.0,12870.0,124197.0
ERR1812294,17219.0,,582.0,25999.0,56465.0
ERR1812295,17723.0,,497.0,25953.0,57882.0
ERR1812296,38674.0,,2777.0,45534.0,62775.0
ERR1812297,44577.0,1.0,2806.0,46047.0,126856.0
ERR1812298,57398.0,1.0,359.0,43927.0,112459.0
ERR1812299,46697.0,1.0,283.0,47910.0,103317.0
ERR1812300,12130.0,1.0,142.0,10723.0,88390.0
ERR1812301,12008.0,,155.0,24974.0,107177.0
ERR1812302,12579.0,,60.0,5397.0,34659.0
ERR1812303,7484.0,,166.0,6083.0,32234.0
ERR1812304,7501.0,,29.0,5217.0,87619.0
ERR1812305,5910.0,,42.0,3944.0,64736.0
ERR2567178,14.0,14438.0,1.0,23.0,40377.0
ERR2567179,77.0,15535.0,,50.0,64584.0
ERR2567180,185.0,8996.0,,37.0,35243.0
ERR2567181,476.0,19362.0,,93.0,85468.0
ERR2567182,34.0,20208.0,,12.0,52947.0
ERR2567183,9.0,15811.0,,25.0,56936.0
ERR2567184,10.0,16984.0,,4.0,54292.0
ERR2567185,3.0,16284.0,,2.0,48853.0
ERR2567186,40.0,14447.0,,9.0,51114.0
ERR2567187,139.0,11869.0,3.0,64.0,43819.0
ERR2567188,30.0,12418.0,,19.0,33250.0
ERR2567189,43.0,13880.0,,36.0,58075.0
ERR2567190,,7519.0,,3.0,37792.0
ERR2567191,3.0,2059.0,,,7672.0
ERR2567192,14.0,3777.0,,7.0,7310.0
ERR2567193,14.0,5348.0,,11.0,17285.0
ERR2567194,18.0,2223.0,,21.0,7045.0
ERR2567195,28.0,3479.0,,16.0,13426.0
ERR2567196,56.0,7370.0,,19.0,37113.0
ERR2567197,65.0,4516.0,,70.0,24505.0
ERR2567198,17.0,1242.0,,3.0,2965.0
ERR2567199,40.0,16591.0,,18.0,42880.0
ERR2567200,79.0,17535.0,,8.0,50235.0
ERR2567201,8.0,12922.0,,12.0,29209.0
ERR2567202,48.0,11776.0,,14.0,31537.0
ERR2567203,16.0,4452.0,,5.0,13107.0
ERR2567204,61.0,13147.0,,78.0,49853.0
ERR2567205,64.0,1881.0,,10.0,4470.0
ERR2567206,83.0,15176.0,1.0,10.0,23660.0
ERR2567207,61.0,6886.0,,22.0,32058.0
ERR2567208,28.0,10710.0,,11.0,48030.0
ERR2567209,16.0,17344.0,,9.0,22902.0
ERR2567210,8.0,2538.0,,10.0,6756.0
ERR2567211,15.0,3992.0,,13.0,8387.0
ERR2567212,10.0,4621.0,,3.0,17409.0
ERR2567213,3.0,2642.0,,1.0,11239.0
ERR2567214,5.0,12556.0,,7.0,42981.0
ERR2567215,13.0,24998.0,,11.0,39945.0
ERR2567216,26.0,6521.0,,10.0,24918.0
ERR2567217,15.0,10384.0,,6.0,37922.0
ERR2567218,5.0,4921.0,,3.0,13473.0
ERR2567219,2.0,3606.0,,4.0,7048.0
ERR2567220,14.0,5162.0,,2.0,22522.0
ERR2567221,27.0,2251.0,,8.0,4259.0
ERR2567222,6.0,9667.0,,3.0,31768.0
ERR2567223,54.0,3360.0,,85.0,13634.0
ERR2567224,53.0,2757.0,,8.0,9428.0
ERR2567225,2.0,8862.0,,3.0,47884.0
ERR2567226,,3817.0,,2.0,15044.0
ERR2567227,11.0,27365.0,1.0,7.0,85879.0
ERR2567228,14.0,16790.0,,2.0,64672.0
ERR2567229,,15149.0,1.0,11.0,63289.0
ERR2567230,11.0,9838.0,,6.0,40985.0
ERR2567231,83.0,10696.0,1.0,34.0,48070.0
ERR2567232,10.0,2766.0,,4.0,11502.0
ERR2567233,17.0,16363.0,,10.0,83477.0
ERR2567234,14.0,18529.0,,29.0,68851.0
ERR2567235,8.0,8336.0,,40.0,33591.0
ERR2567236,5.0,11707.0,,22.0,31274.0
ERR2567237,15.0,14841.0,,18.0,60150.0
ERR2567238,2.0,19091.0,,5.0,56968.0
ERR2567239,2.0,19825.0,,4.0,76973.0
ERR2567240,5.0,5249.0,,14.0,19770.0
ERR2567241,7.0,13404.0,,18.0,69558.0
ERR2567242,2.0,6449.0,,2.0,9590.0
ERR2567243,1.0,11329.0,,7.0,54248.0
ERR2567244,4.0,14599.0,,6.0,75731.0
ERR2567245,8.0,17053.0,,17.0,43674.0
ERR2567246,2.0,18949.0,,2.0,70218.0
ERR2567247,1.0,12476.0,,,44691.0
ERR2567248,54.0,7430.0,,32.0,25689.0
ERR2567249,57.0,13456.0,,20.0,55982.0
ERR2567250,151.0,7105.0,,46.0,31050.0
ERR2567251,26.0,11322.0,,27.0,61137.0
ERR2567252,25.0,5715.0,,24.0,27204.0
ERR2567253,27.0,16650.0,,15.0,61552.0
ERR2567254,22.0,11757.0,,14.0,40769.0
ERR2567255,32.0,4486.0,,18.0,20351.0
ERR2567256,24.0,5315.0,,10.0,20109.0
ERR2567257,3.0,10669.0,,3.0,38085.0
ERR2567258,4.0,11552.0,,8.0,57206.0
ERR2567259,4.0,15591.0,,2.0,48763.0
ERR2567260,8.0,11041.0,,25.0,43172.0
ERR2567261,1.0,19162.0,,5.0,73914.0
ERR2567262,35.0,8917.0,,6.0,29028.0
ERR2567263,7.0,14228.0,,8.0,57999.0
ERR2567264,,13483.0,,31.0,56192.0
ERR2567265,39.0,4975.0,,11.0,11589.0
ERR2567266,52.0,7936.0,,29.0,28967.0
ERR2567267,14.0,6730.0,,11.0,13456.0
ERR2567268,11.0,6110.0,,17.0,14468.0
ERR2567269,8.0,800.0,,1.0,2071.0
ERR2567270,96.0,13356.0,,67.0,40960.0
ERR2567271,24.0,8066.0,,15.0,26549.0
ERR2567272,19.0,1443.0,,2.0,3067.0
ERR2567273,7.0,240.0,,2.0,597.0
ERR2567274,,1130.0,,2.0,2214.0
ERR2567276,1.0,419.0,,,2270.0
ERR2567277,23.0,4407.0,,10.0,14282.0
H7N9_00001,,,2.0,3673.0,
H7N9_00002,,,,2042.0,
H7N9_00003,,,,5385.0,
H7N9_00004,,,,4164.0,
H7N9_00005,,,,499.0,
H7N9_00006,,,,422.0,
H7N9_00008,,,,970.0,
H7N9_00009,,,,2922.0,
H7N9_00010,,,,3975.0,
H7N9_00011,,,,412.0,
H7N9_00013,,,1.0,6745.0,87.0
H7N9_00014,,,1.0,5459.0,4.0
H7N9_00015,,60.0,1.0,10533.0,12.0
H7N9_00016,,,,13624.0,4.0
H7N9_00017,,1.0,,2879.0,77.0
H7N9_00018,,4.0,,1442.0,27.0
HBV_00007,,,,1328.0,
HBV_00011,,,,15389.0,
HBV_00012,,,,12611.0,
HBV_00013,,,,5527.0,
HBV_00016,,,,3842.0,
HBV_00017,,,1.0,4851.0,
HBV_00021,,,,2347.0,
HBV_00022,,,,4139.0,
HBV_00023,,,2.0,3155.0,
HBV_00024,,,1.0,12560.0,
HBV_00025,,,1.0,8414.0,
HBV_00026,,,,12046.0,
HBV_00027,,,,9956.0,
HBV_00028,,,,3296.0,
HBV_00029,,,,3357.0,
HBV_00030,,,1.0,5666.0,
HBV_00031,,,,5626.0,
HBV_00032,,,1.0,2905.0,
Healthy_00001,,,,930.0,
Healthy_00002,,,,689.0,
Healthy_00003,,,,624.0,
Healthy_00004,,,,760.0,
Healthy_00005,,,,748.0,
Healthy_00006,,,,1638.0,
Healthy_00007,,,,1016.0,
Healthy_00008,,,,4342.0,
Healthy_00009,,,,998.0,
Healthy_00010,,,,475.0,
Healthy_00011,,,,607.0,
Healthy_00012,,,,1077.0,
Healthy_00013,,,,1140.0,
Healthy_00014,,,,821.0,
Healthy_00015,,,,1012.0,
Healthy_00016,,,,667.0,
Healthy_00017,,,,1131.0,
Healthy_00018,,,,4329.0,
Healthy_00019,,,,1695.0,
Healthy_00020,,,,829.0,
Healthy_00021,,,,1004.0,
Healthy_00022,,,,998.0,
Healthy_00023,,,,695.0,
Healthy_00024,,,,493.0,
Healthy_00025,,,,1024.0,
Healthy_00026,,,,798.0,
Healthy_00027,,,,1101.0,
Healthy_00028,,,,478.0,
Healthy_00029,,,,693.0,
Healthy_00030,,,,331.0,
Healthy_00031,,,,872.0,
Healthy_00032,,,,504.0,
Healthy_00033,,,,1861.0,
Healthy_00034,,,,1024.0,
Healthy_00035,,,,782.0,
Healthy_00036,,,,962.0,
Healthy_00037,,,,1711.0,
Healthy_00038,,,,1075.0,
Healthy_00039,,,,546.0,
Healthy_00040,,,,5286.0,
Healthy_00041,,,,1341.0,
Healthy_00042,,,,726.0,
Healthy_00043,,,,738.0,
Healthy_00044,,,,1504.0,
Healthy_00045,,,,1062.0,
Healthy_00046,,,,693.0,
Healthy_00047,,,,780.0,
Healthy_00048,,,,1045.0,
Healthy_00049,,,1.0,727.0,
Healthy_00050,,,,836.0,
Healthy_00051,,,,1258.0,
Healthy_00052,,,,1076.0,
Healthy_00053,,,,855.0,
Healthy_00054,,,,1478.0,
Healthy_00055,,,,910.0,
Healthy_00056,,,,752.0,
Healthy_00057,,,,1182.0,
Healthy_00058,,,,1039.0,
Healthy_00059,,,,574.0,
Healthy_00060,,,,459.0,
Healthy_00061,,,,724.0,
Healthy_00062,,,,315.0,
Healthy_00063,,,,988.0,
Healthy_00064,,,,693.0,
Healthy_00065,,,,1021.0,
Healthy_00066,,,,615.0,
Healthy_00067,,,,566.0,
Healthy_00068,,,,883.0,
Healthy_00069,,,,4556.0,
Healthy_00070,,,,1528.0,
Healthy_00071,,,,1547.0,
Healthy_00072,,,,933.0,
Healthy_00073,,,,1252.0,
Healthy_00074,,,,534.0,
Healthy_00075,,,1.0,658.0,
Healthy_00076,,,,787.0,
Healthy_00077,,,,1565.0,
Healthy_00078,,,,1691.0,
Healthy_00079,,,,5006.0,
Healthy_00080,,,,640.0,
Healthy_00081,,,1.0,510.0,
Healthy_00082,,,,1050.0,
Healthy_00083,,,,1797.0,
Healthy_00084,,,,1060.0,
Healthy_00085,,,,778.0,
Healthy_00086,,,,926.0,
Healthy_00087,,,,1955.0,
Healthy_00088,,,,738.0,
Healthy_00089,,,,8394.0,
Healthy_00090,,,,1261.0,
Healthy_00091,,,,6105.0,
Healthy_00092,,,,1324.0,
Healthy_00093,,,,4265.0,
Healthy_00094,,,,2642.0,
Healthy_00095,,,,2193.0,
Healthy_00096,,,,1677.0,
Healthy_00097,,,,1313.0,
Healthy_00098,,,,2574.0,
Healthy_00099,,,,1763.0,
Healthy_00100,,,,1591.0,
Healthy_00101,,,,1366.0,
Healthy_00102,,,,1733.0,
Healthy_00103,,,,1807.0,
Healthy_00104,,,,1612.0,
Healthy_00105,,,,9082.0,
Healthy_00106,,,,1701.0,
Healthy_00107,,,,1822.0,
Healthy_00108,,,,2149.0,
Healthy_00109,,,,985.0,
Healthy_00110,,,,1877.0,
Healthy_00111,,,,617.0,
Healthy_00112,,,,1277.0,
Healthy_00113,,,,579.0,
Healthy_00114,,,,651.0,
Healthy_00115,,,,1386.0,
Healthy_00116,,,,2482.0,
Healthy_00117,,,,756.0,
Healthy_00118,,,,610.0,
Healthy_00119,,,,625.0,
Healthy_00120,,,,1217.0,
Healthy_00121,,,,692.0,
Healthy_00122,6.0,,,832.0,
Healthy_00123,,,,871.0,
Healthy_00124,,,1.0,2020.0,
Healthy_00125,,,,1157.0,
Healthy_00126,,,,752.0,
Healthy_00127,,,1.0,777.0,
Healthy_00128,,,,501.0,
Healthy_00129,,,,930.0,
Healthy_00130,,,1.0,1287.0,
Healthy_00131,,,,1208.0,
Healthy_00132,,,1.0,545.0,
Healthy_00133,,,,498.0,
Healthy_00134,,,,911.0,
Healthy_00135,,,1.0,700.0,
Healthy_00136,,,,948.0,
Healthy_00137,,,,1184.0,
Healthy_00138,,,,616.0,
Healthy_00139,,,1.0,1046.0,
Healthy_00140,,,,2589.0,
Healthy_00141,,,,1228.0,
Healthy_00142,,,,1123.0,
Healthy_00143,,,,1201.0,
Healthy_00144,,,,2751.0,
Healthy_00145,,,,1013.0,
Healthy_00146,,,,2685.0,
Healthy_00147,,,1.0,3472.0,
Healthy_00148,,,,2564.0,
Healthy_00149,,,,2783.0,
Healthy_00150,,,,1470.0,
Healthy_00151,,,,1527.0,
Healthy_00152,,,,2162.0,
Healthy_00153,,,,1879.0,
Healthy_00154,,,,1335.0,
Healthy_00155,,,2.0,2276.0,
Healthy_00156,,,,4818.0,
Healthy_00157,,,,3738.0,
Healthy_00158,,,1.0,2374.0,
Healthy_00159,,,,1036.0,
Healthy_00160,,,,1862.0,
Healthy_00161,,,,1188.0,
Healthy_00162,,,,636.0,
Healthy_00163,,,,5054.0,
Healthy_00164,,,,3234.0,
Healthy_00165,,,,2127.0,
Healthy_00166,,,,14046.0,
Healthy_00167,,,,2235.0,
Healthy_00168,,,,2138.0,
Healthy_00169,,,,4339.0,
Healthy_00170,,,,2015.0,
Healthy_00171,,,,2599.0,
Healthy_00172,,,,2201.0,
Healthy_00173,,,,1248.0,
Healthy_00174,,,1.0,836.0,
Healthy_00175,,,1.0,2132.0,
Healthy_00176,,,,2756.0,
Healthy_00177,,,,1040.0,
Healthy_00178,,,,2528.0,
Healthy_00179,,,,1709.0,
Healthy_00180,,,,2728.0,
Healthy_00181,,,,2166.0,
Healthy_00182,,,,3159.0,
Healthy_00183,,,2.0,1596.0,
Healthy_00184,,,,2527.0,
Healthy_00185,,,1.0,4373.0,
Healthy_00186,,,,946.0,
Healthy_00187,,,,2849.0,
Healthy_00188,,,,2709.0,
Healthy_00189,,,,2295.0,
Healthy_00190,,,,1041.0,
Healthy_00191,,,,3232.0,
Healthy_00192,,,,2109.0,
Healthy_00193,,,,2156.0,
Healthy_00194,,,,2166.0,
Healthy_00195,,,,2232.0,
Healthy_00196,,,,2801.0,
Healthy_00197,,,,3039.0,
Healthy_00198,,,,1561.0,
Healthy_00199,,,,3004.0,
Healthy_00200,,,1.0,2863.0,
Healthy_00201,,,,1237.0,
Healthy_00202,,,,2719.0,
Healthy_00203,,,1.0,4394.0,
Healthy_00204,,,,977.0,
Healthy_00205,,,,3992.0,
Healthy_00206,,,,3920.0,
Healthy_00207,,,1.0,4945.0,
Healthy_00208,,,,3688.0,
Healthy_00209,,,,2864.0,
Healthy_00210,,,,2669.0,
Healthy_00211,,,,1141.0,
Healthy_00212,,,,1285.0,
Healthy_00213,,,,2708.0,
Healthy_00214,,,,3611.0,
Healthy_00215,,,,3049.0,
Healthy_00216,,,,1398.0,
Healthy_00217,,,,2751.0,
Healthy_00218,,,,975.0,
Healthy_00219,,,,3935.0,
Healthy_00220,,,,1856.0,
Healthy_00221,,,1.0,3109.0,
Healthy_00222,,,,2550.0,
Healthy_00223,,,,2769.0,
Healthy_00224,,,,5650.0,
Healthy_00225,,,,3047.0,
Healthy_00226,,,,4536.0,
Healthy_00227,,,,5871.0,
Healthy_00228,,,,3767.0,
Healthy_00229,,,,3144.0,
Healthy_00230,,,,1568.0,
Healthy_00231,,,,1132.0,
Healthy_00232,,,,2191.0,
Healthy_00233,,,,2552.0,
Healthy_00234,,,,3678.0,
Healthy_00235,,,,3204.0,
Healthy_00236,,,,1819.0,
Healthy_00237,,,,2843.0,
Healthy_00239,,,,492.0,
Healthy_00240,,,,2363.0,
Healthy_00241,,,,1177.0,
Healthy_00242,,,1.0,1565.0,
Healthy_00243,,,,961.0,
Healthy_00244,,,,2068.0,
Healthy_00245,,,,1354.0,
Healthy_00249,,,,2553.0,
Healthy_00250,,,,9529.0,
Healthy_00251,,,,4853.0,
Healthy_00252,,,,8166.0,
Healthy_00253,,,,3927.0,
Healthy_00256,,,,3302.0,
Healthy_00257,,,,4203.0,
Healthy_00258,,,,5251.0,
Healthy_00264,,,,1351.0,
Healthy_00265,,,,1665.0,
Meningitis_00001,,,,905.0,
SRR1383326,2185.0,542.0,34.0,4215.0,3753.0
SRR1383447,2569.0,448.0,31.0,4065.0,3049.0
SRR1383448,3227.0,1083.0,40.0,4790.0,6149.0
SRR1383449,148.0,13.0,5.0,729.0,90.0
SRR1383450,90.0,6.0,7.0,695.0,91.0
SRR1383451,3986.0,446.0,50.0,10784.0,7256.0
SRR1383452,4193.0,495.0,60.0,11521.0,7531.0
SRR1383453,3827.0,281.0,57.0,12983.0,5385.0
SRR1383456,4.0,,,27.0,6.0
SRR1383457,93.0,2.0,2.0,624.0,32.0
SRR1383458,97.0,4.0,5.0,711.0,49.0
SRR1383459,76.0,2.0,4.0,489.0,24.0
SRR1383460,3023.0,31.0,51.0,10260.0,697.0
SRR1383461,2785.0,48.0,52.0,10925.0,691.0
SRR1383462,3559.0,44.0,71.0,12405.0,847.0
SRR1383463,4750.0,335.0,166.0,26344.0,3794.0
SRR1383464,4126.0,180.0,141.0,27440.0,2411.0
SRR1383465,5354.0,358.0,227.0,30908.0,3497.0
SRR1383466,138.0,3.0,2.0,787.0,42.0
SRR1383467,101.0,2.0,4.0,619.0,27.0
SRR1383468,125.0,2.0,4.0,664.0,31.0
SRR1383469,113.0,1.0,4.0,620.0,35.0
SRR1383470,371.0,3.0,14.0,1879.0,100.0
SRR1383471,161.0,3.0,6.0,417.0,31.0
SRR1383472,4973.0,760.0,45.0,5530.0,11518.0
SRR1383473,9804.0,1264.0,94.0,10624.0,20511.0
SRR1383474,4223.0,578.0,24.0,3261.0,8982.0
SRR1383475,97.0,4.0,3.0,786.0,40.0
SRR1383476,165.0,1.0,2.0,1022.0,48.0
SRR1574824,7.0,,,61.0,20678.0
SRR1574826,7.0,,,62.0,20680.0
SRR1574827,4083.0,,,2478.0,1861.0
SRR1574828,8699.0,,,5333.0,1217.0
SRR1574829,9468.0,,2.0,7108.0,2434.0
SRR1574830,12.0,,,7.0,646.0
SRR1574831,205.0,,,212.0,183.0
SRR1574832,3495.0,,,2921.0,786.0
SRR1574833,3088.0,,,3571.0,409.0
SRR1574834,99.0,,,254.0,111582.0
SRR1574835,4623.0,,1.0,14756.0,6295.0
SRR1574836,12230.0,,5.0,41620.0,4205.0
SRR1574837,6456.0,,5.0,29436.0,3120.0
SRR1574838,1618.0,,,202.0,28724.0
SRR1574839,14718.0,,,2095.0,1688.0
SRR1574840,8277.0,,,2246.0,1100.0
SRR1574841,2977.0,,,1775.0,910.0
SRR1574842,33.0,,,40.0,20193.0
SRR1574843,8881.0,,,7770.0,2252.0
SRR1574844,10124.0,,,7356.0,1350.0
SRR1574845,5863.0,,1.0,6268.0,1020.0
SRR1574846,353.0,,,97.0,42235.0
SRR1574847,1998.0,,,414.0,293.0
SRR1574848,15133.0,,,2817.0,1586.0
SRR1574849,3823.0,,1.0,3930.0,1010.0
SRR1574854,69.0,,,33.0,907.0
SRR1574855,39.0,,,5.0,62452.0
SRR1574856,8167.0,,,420.0,1289.0
SRR1574857,5940.0,2.0,,1787.0,862.0
SRR1574858,8274.0,,,3685.0,4038.0
SRR1574859,46.0,,,7.0,1069.0
SRR1574860,330.0,1.0,,145.0,45.0
SRR1574861,4463.0,,,3525.0,1127.0
SRR1574862,4284.0,,1.0,5875.0,1203.0
SRR1574863,87.0,,,53.0,27622.0
SRR1574864,2430.0,,1.0,1856.0,310.0
SRR1574865,1306.0,,,1425.0,157.0
SRR1574866,711.0,,2.0,1588.0,106.0
SRR1574867,55.0,,,17.0,9557.0
SRR1574868,1385.0,,,128.0,132.0
SRR1574869,10849.0,1.0,2.0,14224.0,1168.0
SRR1574870,4230.0,1.0,1.0,9434.0,392.0
SRR1574871,18476.0,1.0,1.0,25911.0,4013.0
SRR1574872,5892.0,,,33293.0,1315.0
SRR1574873,2231.0,,,1137.0,166.0
SRR1574874,962.0,,,471.0,68.0
SRR1574875,1028.0,,,1012.0,716.0
SRR1574876,6267.0,,1.0,6679.0,3981.0
SRR1959454,20881.0,1.0,4.0,18899.0,38476.0
SRR1959703,22329.0,,1.0,15382.0,28288.0
SRR1960371,8443.0,,,8446.0,2715.0
SRR1961400,78786.0,1.0,2.0,57493.0,50882.0
SRR1964710,25007.0,,7.0,92105.0,137561.0
SRR1964711,37528.0,1.0,3.0,58419.0,245258.0
SRR1964712,18711.0,,6.0,17320.0,85595.0
SRR1964713,22342.0,,1.0,6039.0,76924.0
SRR1964786,24387.0,1.0,2.0,20870.0,26800.0
SRR1964787,20888.0,2.0,4.0,18880.0,38465.0
SRR1964788,77436.0,,2.0,22924.0,23323.0
SRR1964792,21692.0,1.0,,7327.0,49749.0
SRR1964793,8834.0,,,8900.0,3513.0
SRR1964794,4559.0,,1.0,4571.0,31654.0
SRR1964795,16462.0,,5.0,22073.0,11780.0
SRR1964796,3448.0,,,1866.0,259.0
SRR1964797,23772.0,,3.0,57844.0,5249.0
SRR1964798,1059.0,,,989.0,765.0
SRR1964799,6477.0,1.0,2.0,6857.0,4171.0
SRR1964800,112608.0,2.0,8.0,79824.0,178952.0
SRR1964801,123187.0,,5.0,74472.0,81091.0
SRR2088756,2057.0,,,1750.0,183.0
SRR2088759,4729.0,,,7945.0,139.0
SRR2088761,1714.0,,,5872.0,100.0
SRR2131175,645.0,1265.0,,297.0,3421.0
SRR2131177,762.0,796.0,1.0,354.0,2921.0
SRR2558607,703.0,1387.0,5.0,1030.0,16128.0
SRR2558608,763.0,687.0,3.0,628.0,5702.0
SRR2558611,1300.0,29.0,18.0,146.0,89.0
SRR2558612,1266.0,3046.0,26.0,1005.0,14003.0
SRR2905655,1000.0,144.0,,772.0,3367.0
SRR2905656,749.0,2352.0,,501.0,26094.0
SRR2905661,816.0,101.0,,434.0,2326.0
SRR2905662,1726.0,2254.0,2.0,1681.0,22210.0
SRR2905667,3328.0,374.0,,2349.0,7768.0
SRR2905668,1142.0,1758.0,,1010.0,36239.0
SRR2905673,3065.0,295.0,,2518.0,7099.0
SRR2905674,2118.0,1853.0,,2597.0,30392.0
SRR2905679,2066.0,398.0,,621.0,8563.0
SRR2905680,1074.0,2017.0,,501.0,36595.0
SRR2905685,1059.0,379.0,,249.0,5286.0
SRR2905686,954.0,2167.0,,382.0,32887.0
SRR2905691,4121.0,548.0,,1921.0,12677.0
SRR2905692,1591.0,4556.0,,987.0,43418.0
SRR2905697,3136.0,633.0,,1778.0,13575.0
SRR2905698,1056.0,5411.0,2.0,1273.0,53618.0
SRR2905703,1644.0,263.0,,692.0,5633.0
SRR2905704,862.0,2041.0,,503.0,29144.0
SRR2905709,910.0,185.0,,327.0,2842.0
SRR2905710,468.0,2383.0,,275.0,25031.0
SRR3099048,,,,14085.0,
SRR3099049,,,,8889.0,
SRR3099050,,,,140.0,1.0
SRR3099051,,,,15449.0,
SRR3099052,,,,4658.0,15.0
SRR3099053,,,,2036.0,19.0
SRR3099054,,,,4816.0,11.0
SRR3099055,,,,113.0,5939.0
SRR3099056,,,,1230.0,192.0
SRR3099057,,,,3947.0,21.0
SRR3099058,,,,1624.0,4.0
SRR3099059,2.0,,,1585.0,14.0
SRR3099060,,,1.0,12979.0,7.0
SRR3099061,,,,521.0,1.0
SRR3099062,,,,26964.0,1.0
SRR3099063,,,,18048.0,
SRR3099064,,,,18066.0,1.0
SRR3099065,,,,20941.0,
SRR3099066,,,,24641.0,
SRR3099067,,,,21247.0,
SRR3099068,,,,21229.0,2.0
SRR3099070,,,,6301.0,14.0
SRR3099071,,,,6354.0,12.0
SRR3099072,,,,7077.0,135.0
SRR3099073,,,,265.0,1.0
SRR3099074,,,,112.0,2035.0
SRR3099075,,,,11777.0,12.0
SRR3099076,,,,4543.0,15.0
SRR3099077,,,,3318.0,13.0
SRR3099078,,,,3513.0,
SRR3099079,,,,2405.0,5.0
SRR3099080,,,,12258.0,
SRR3099081,,,,19115.0,
SRR3099082,,,,17708.0,1.0
SRR3099083,,,,13529.0,
SRR3099084,,,,3393.0,6.0
SRR3099085,,,,20812.0,
SRR3099086,,,,17164.0,2.0
SRR3099087,,,,13870.0,
SRR3099088,,,,3707.0,11.0
SRR3099090,,,,5349.0,8.0
SRR3099091,,,,6897.0,11.0
SRR3099092,,,,156.0,3948.0
SRR3099093,,,,3010.0,9.0
SRR3099094,,,,2574.0,16.0
SRR3099095,,,,1366.0,67.0
SRR3099096,,,,3720.0,8.0
SRR3099097,,,,1878.0,2.0
SRR3099098,,,,2256.0,5.0
SRR3099099,,,,1933.0,20.0
SRR3099100,,,,9063.0,
SRR3099101,,,,10458.0,
SRR3099102,,,,13086.0,
SRR3099103,,,,13437.0,1.0
SRR3099104,,,,11875.0,
SRR3099105,,,,14420.0,
SRR3099106,,,,17337.0,
SRR3099107,,,,15284.0,1.0
SRR3099108,,,,2355.0,22.0
SRR3099109,,,,2159.0,7.0
SRR3099111,,,,2874.0,7.0
SRR3099112,,,,274.0,1.0
SRR3099113,,,,1503.0,44.0
SRR3099114,1.0,,,361.0,2.0
SRR3099115,,,,2083.0,5.0
SRR3099116,,,,14895.0,
SRR3099117,,,,3293.0,9.0
SRR3099118,,,,1026.0,7.0
SRR3099119,,,,12850.0,
SRR3099120,1.0,,,16728.0,
SRR3099121,,,,14071.0,
SRR3099122,,,,18675.0,
SRR3099123,,,,24336.0,
SRR3099124,,,,20096.0,
SRR3099125,1.0,,,17236.0,
SRR3099126,,,,581.0,2.0
SRR3099127,,,,18601.0,
SRR3099128,,,,477.0,16.0
SRR3099130,,,,5575.0,15.0
SRR3099131,,,,2675.0,10.0
SRR3099132,,,,2754.0,10.0
SRR3099133,11.0,,,854.0,2.0
SRR3099134,,,,1846.0,6.0
SRR3099135,,,,2870.0,7.0
SRR3099136,,,,1553.0,
SRR3099137,,,,11822.0,1.0
SRR3099138,,,,17789.0,2.0
SRR3099139,,,,17903.0,
SRR3099140,,,,19942.0,1.0
SRR3099141,,,,10912.0,
SRR3099142,,,,23853.0,
SRR3099143,,,,25384.0,
SRR3099144,,,,19205.0,1.0
SRR3099145,4.0,,,833.0,1.0
SRR3099147,,,,777.0,2.0
SRR3099148,,,,2265.0,402.0
SRR3099149,3.0,,,607.0,
SRR3099150,,,,468.0,1.0
SRR3099151,1.0,,,13495.0,
SRR3099153,,,,394.0,12.0
SRR3099154,,,,688.0,5.0
SRR3099155,,,,278.0,11.0
SRR3099156,,,,15703.0,
SRR3099157,,,,21666.0,2.0
SRR3099158,,,,21037.0,2.0
SRR3099159,,,,7331.0,
SRR3099160,,,,23655.0,
SRR3099161,,,,13391.0,
SRR3099162,3.0,,,297.0,1.0
SRR3099163,,,,14550.0,
SRR3099164,,,,3556.0,17.0
SRR3099165,,,,3469.0,22.0
SRR3099166,,,,3230.0,74.0
SRR3099167,,,,176.0,6703.0
SRR3099168,,,,3445.0,21.0
SRR3099169,,,,2892.0,18.0
SRR3099170,,,,1290.0,4.0
SRR3099171,,,,1851.0,8.0
SRR3099172,,,,2298.0,7.0
SRR3099173,,,,332.0,
SRR3099174,,,,6779.0,
SRR3099175,,,,18308.0,
SRR3099176,,,,6378.0,
SRR3099177,,,,18439.0,1.0
SRR3099178,,,,16995.0,
SRR3099179,,,,16402.0,
SRR3099180,,,,2452.0,26.0
SRR3099181,1.0,,,927.0,3.0
SRR3099182,,,,3033.0,23.0
SRR3099183,,,,3695.0,4.0
SRR3099184,,,,1735.0,18.0
SRR3099185,,,,572.0,
SRR3099186,,,,1740.0,2.0
SRR3099187,,,,2577.0,3.0
SRR3099188,,,,826.0,444.0
SRR3099189,,,,23197.0,
SRR3099190,,,,23252.0,
SRR3099191,,,,20904.0,
SRR3099192,,,,18655.0,1.0
SRR3099193,,,,26376.0,
SRR3099194,,,,28355.0,
SRR3099377,730.0,,,7848.0,44.0
SRR3099378,38.0,,,12810.0,26.0
SRR3099379,28.0,,,21343.0,40.0
SRR3099380,98.0,,,102.0,160770.0
SRR3099381,53.0,,,44.0,52788.0
SRR3099382,,,,558.0,
SRR3099383,,,,2309.0,33.0
SRR3099384,,,,502.0,2.0
SRR3099386,,,,1273.0,14.0
SRR3099387,51.0,,,16339.0,64.0
SRR3099388,14.0,,,106.0,53441.0
SRR3099389,16.0,,,17.0,48135.0
SRR3099390,15.0,,,54.0,110735.0
SRR3099391,25.0,,,22.0,88569.0
SRR3099392,28.0,,,14098.0,26.0
SRR3099393,84.0,,,12038.0,2358.0
SRR3099394,164.0,,,33776.0,53.0
SRR3099395,100.0,,,22883.0,30.0
SRR3099396,36.0,,,21055.0,27.0
SRR3099397,13.0,,,24.0,72341.0
SRR3099398,373.0,,,42.0,74078.0
SRR3099399,17.0,,,21.0,133384.0
SRR3099400,37.0,,,69.0,135526.0
SRR3099401,261.0,,,2376.0,20.0
SRR3099402,195.0,,,6077.0,61.0
SRR3099403,18.0,,,8960.0,49.0
SRR3099404,15.0,,,9623.0,36.0
SRR3099405,13.0,,,77.0,33008.0
SRR3099406,82.0,,,26.0,69467.0
SRR3099407,21.0,,,13441.0,25.0
SRR3099408,9.0,,,6.0,79639.0
SRR3099409,18.0,,,17.0,99290.0
SRR3099410,38.0,1.0,,29681.0,37.0
SRR3099411,28.0,,,29733.0,54.0
SRR3099412,65.0,,,38131.0,93.0
SRR3099413,145.0,,,52774.0,6018.0
SRR3099414,28.0,,,37989.0,191.0
SRR3099415,65.0,,,233.0,191255.0
SRR3099416,41.0,,,58.0,190838.0
SRR3099417,47.0,,,57.0,207699.0
SRR3099418,36.0,,,139.0,80030.0
SRR3099419,562.0,,,172.0,221411.0
SRR3099420,113.0,,,287.0,198582.0
SRR3099421,,,,664.0,22.0
SRR3099422,,,,1416.0,25.0
SRR3099423,,,,502.0,3.0
SRR3099424,,,,557.0,
SRR3099425,,,,2975.0,15.0
SRR3099426,59.0,,,26961.0,74.0
SRR3099427,490.0,,,18285.0,80.0
SRR3099428,494.0,,,25705.0,135.0
SRR3099429,22.0,,,28.0,88651.0
SRR3099430,58.0,,1.0,26676.0,130.0
SRR3099431,94.0,,,20851.0,160.0
SRR3099432,54.0,,,70.0,87831.0
SRR3099433,42.0,,,207.0,81259.0
SRR3099434,167.0,,,65.0,73523.0
SRR3099435,55.0,,,98.0,84807.0
SRR3099436,54.0,,,72.0,79686.0
SRR3099437,,,,3103.0,16.0
SRR3099438,,,,2089.0,12.0
SRR3099439,,,,2507.0,29.0
SRR3099440,16.0,,,237.0,104896.0
SRR3099441,,,,677.0,1.0
SRR3099442,,,,1299.0,11.0
SRR3099443,50.0,,,22978.0,25.0
SRR3099444,3989.0,,,23492.0,211.0
SRR3099445,171.0,,,58654.0,53.0
SRR3099446,114.0,,,30006.0,32.0
SRR3099447,410.0,,,12485.0,52.0
SRR3099448,50.0,,,69.0,174461.0
SRR3099449,271.0,,,32.0,205359.0
SRR3099450,43.0,,,75.0,187269.0
SRR3099451,39.0,,,46.0,87923.0
SRR3099452,69.0,,,277.0,226504.0
SRR3099453,52.0,,,206.0,80889.0
SRR3099454,,,,2128.0,25.0
SRR3099455,1.0,,,411.0,1.0
SRR3099456,,,,2982.0,16.0
SRR3099457,,,,450.0,1.0
SRR3099458,,,,3659.0,4.0
SRR3099459,40.0,,,35659.0,49.0
SRR3099460,36.0,,,42530.0,54.0
SRR3099461,73.0,,,39945.0,40.0
SRR3099462,20.0,,,10275.0,38.0
SRR3099463,35.0,,,44015.0,44.0
SRR3099464,245.0,,,44739.0,57.0
SRR3099465,185.0,,,30.0,187207.0
SRR3099466,49.0,,,234.0,197079.0
SRR3099467,45.0,,,60.0,216787.0
SRR3099468,73.0,,,68.0,166171.0
SRR3099469,221.0,,,878.0,425285.0
SRR3099470,,,,2674.0,12.0
SRR3099471,,,,5102.0,25.0
SRR3099472,,,,3011.0,122.0
SRR3099473,17.0,,,8011.0,16.0
SRR3099474,,,,4213.0,17.0
SRR3099475,,,,1331.0,4.0
SRR3099476,326.0,,,54361.0,65.0
SRR3099477,282.0,,,42515.0,72.0
SRR3099478,29.0,,,34276.0,59.0
SRR3099479,58.0,,,44498.0,66.0
SRR3099480,50.0,,,13704.0,131.0
SRR3099481,33.0,,,51.0,179571.0
SRR3099482,78.0,,,149.0,249299.0
SRR3099483,26.0,,,354.0,161672.0
SRR3192715,3071.0,54.0,93.0,1612.0,615.0
SRR3192716,1237.0,18.0,290.0,3233.0,468.0
SRR3350720,,,,,
SRR3350721,,,,,
SRR3350722,,,,,
SRR3350723,,,,2.0,
SRR3350724,,,,,
SRR3350725,,,,,
SRR3608774,,,,,
SRR3608775,,,,,
SRR3608776,,1.0,,,
SRR3608777,,9.0,,,
SRR3608778,,,,,
SRR3620024,2159.0,,,2998.0,2117.0
SRR3620025,3711.0,,,4317.0,5185.0
SRR3620026,351.0,,,507.0,224.0
SRR3620027,12246.0,,,16437.0,17002.0
SRR3620028,178.0,,,1059.0,29.0
SRR3620029,1020.0,,,1525.0,591.0
SRR3620030,2467.0,,,2532.0,4782.0
SRR3620031,15924.0,,,12690.0,33812.0
SRR3620032,14426.0,10.0,,34869.0,2.0
SRR3620033,4542.0,,,6988.0,5542.0
SRR3620034,8431.0,,,13727.0,31688.0
SRR3620035,155.0,13.0,,232.0,21502.0
SRR3620036,4.0,,,23.0,1326.0
SRR3620037,5.0,,,45.0,18.0
SRR3620038,23.0,,,84.0,23.0
SRR3620039,2.0,,,30.0,4.0
SRR3620041,5652.0,,,14459.0,11756.0
SRR3620042,204.0,,,1015.0,153.0
SRR3620043,396.0,,,2958.0,292.0
SRR3620044,780.0,,,810.0,1027.0
SRR3620045,9241.0,,,13480.0,29741.0
SRR3620047,292.0,,,504.0,66.0
SRR3620048,2.0,,,974.0,322.0
SRR3620049,2965.0,,,4679.0,9354.0
SRR3620050,14110.0,,,27353.0,124301.0
SRR3620051,,,,36525.0,23193.0
SRR3620052,15446.0,,,12641.0,3071.0
SRR3620053,6484.0,3.0,,10352.0,34108.0
SRR3620054,211.0,6034.0,,305.0,3.0
SRR3620055,,,,2448.0,15.0
SRR3620056,3193.0,,,2693.0,373.0
SRR3620057,54.0,,,51.0,17.0
SRR3620058,229.0,,,387.0,374.0
SRR3620059,2357.0,,,4602.0,752.0
SRR3620060,6818.0,,,6689.0,14881.0
SRR3620061,328.0,,,2154.0,5.0
SRR3620062,812.0,,,2192.0,130.0
SRR3620063,11.0,,,5662.0,6.0
SRR3620064,4980.0,7.0,,5892.0,22801.0
SRR3620065,41.0,,,298.0,32.0
SRR3620066,1528.0,,,1023.0,85.0
SRR3620067,5897.0,30.0,,4615.0,13651.0
SRR3620068,3.0,,,38202.0,4.0
SRR3620069,1.0,,,594.0,3.0
SRR3620070,34355.0,,,38407.0,9837.0
SRR3620072,18.0,,,138.0,22.0
SRR3620073,5.0,,,25.0,25.0
SRR3620074,553.0,,,1608.0,54.0
SRR3620075,1637.0,,,6943.0,1.0
SRR3620076,250.0,,,990.0,186.0
SRR3620077,300.0,,,1079.0,104.0
SRR3620078,4454.0,,,8456.0,12711.0
SRR3620079,1.0,,,530.0,6.0
SRR3620080,14.0,,,160.0,18.0
SRR3620081,178.0,,,572.0,57.0
SRR3620082,308.0,,,171.0,195.0
SRR3620083,7365.0,,,6442.0,25294.0
SRR3620084,15.0,,,130.0,3.0
SRR3620085,1116.0,,,897.0,216.0
SRR3620086,6384.0,,,5961.0,36392.0
SRR3620087,13523.0,,,31237.0,2.0
SRR3620088,14342.0,,,25061.0,95792.0
SRR3620089,15709.0,40809.0,175.0,16700.0,41660.0
SRR3620090,23188.0,70789.0,1256.0,23967.0,35866.0
SRR3620091,3694.0,95.0,,6047.0,8758.0
SRR3620092,17034.0,47573.0,494.0,24843.0,48592.0
SRR3620093,2717.0,,,3037.0,1722.0
SRR3620094,1135.0,,,3293.0,806.0
SRR3620095,2.0,,,44.0,3313.0
SRR3620096,295.0,1.0,,464.0,163.0
SRR3620098,17074.0,59396.0,597.0,14804.0,58911.0
SRR3620099,18523.0,70565.0,290.0,14427.0,42078.0
SRR3620100,15422.0,52663.0,1603.0,17418.0,49174.0
SRR3620102,84.0,,,547.0,17.0
SRR3620103,137.0,,,341.0,115.0
SRR3620104,2.0,50.0,,30.0,975.0
SRR3620105,240.0,,,394.0,101.0
SRR3620106,18.0,,,759.0,20.0
SRR3620107,6229.0,8304.0,328.0,5724.0,17857.0
SRR3620108,8341.0,29776.0,88.0,9858.0,32133.0
SRR3620109,19576.0,70660.0,312.0,20994.0,50660.0
SRR3620110,1043.0,,,1824.0,887.0
SRR3620111,616.0,1.0,,1511.0,715.0
SRR3620113,280.0,,,1744.0,26.0
SRR3620114,114.0,,,498.0,21.0
SRR3620115,11.0,,,402.0,6.0
SRR3620116,2343.0,3260.0,3.0,2928.0,8619.0
SRR3620117,1506.0,1990.0,4.0,1177.0,4921.0
SRR3620118,12180.0,64043.0,5.0,14242.0,69526.0
SRR3620120,34.0,,,267.0,198.0
SRR3620121,2.0,,,22.0,2225.0
SRR3620122,48.0,,,62.0,56.0
SRR3620123,17.0,,,669.0,48.0
SRR3990822,,,,5590.0,21.0
SRR3990823,,,1.0,1689.0,16.0
SRR3990824,,,,398.0,507.0
SRR3990825,,,,70.0,1053.0
SRR3990826,1.0,,,6.0,600.0
SRR3990827,,,,198.0,34.0
SRR3990828,,,,2113.0,56.0
SRR3990829,1.0,,,77.0,1288.0
SRR3990830,,,,10.0,2748.0
SRR3990831,,,,66.0,50742.0
SRR3990832,1.0,,,23.0,20352.0
SRR3990833,1.0,,,6.0,9556.0
SRR3990834,,,,33.0,1649.0
SRR3990835,,,,7440.0,29.0
SRR3990836,,,,836.0,38.0
SRR3990837,,,,1933.0,51.0
SRR3990838,,,,1941.0,14.0
SRR3990839,1.0,,,20.0,963.0
SRR3990840,1.0,,,15.0,1931.0
SRR3990841,,,,34.0,39717.0
SRR3990842,,,,12.0,7749.0
SRR3990843,,,,11.0,13007.0
SRR3990844,5.0,,,6318.0,54.0
SRR3990845,,,,18.0,1339.0
SRR3990846,1.0,,,623.0,55.0
SRR3990847,2.0,,,1226.0,24.0
SRR3990848,,,,1162.0,13.0
SRR3990849,1.0,,,71.0,2784.0
SRR3990850,,,,20.0,1251.0
SRR3990851,,,,23.0,47528.0
SRR3990852,1.0,,,18.0,4601.0
SRR3990853,,,,16.0,4019.0
SRR3990854,2.0,,,1807.0,202.0
SRR3990855,,,,1316.0,44.0
SRR3990856,,,,13.0,47404.0
SRR3990869,1.0,,,2132.0,29.0
SRR3990870,,,,679.0,45.0
SRR3990871,1.0,,,73.0,2331.0
SRR3990872,,,,7.0,670.0
SRR3990873,,,,9.0,45085.0
SRR3990874,,,,14.0,5975.0
SRR3990875,,,,8.0,9689.0
SRR3990876,2.0,,,3501.0,78.0
SRR3990877,,,,2852.0,28.0
SRR3990878,1.0,,,1114.0,17.0
SRR3990879,,,,18.0,17346.0
SRR3990880,,,,1688.0,32.0
SRR3990881,,,,38.0,1857.0
SRR3990882,,,,13.0,1643.0
SRR3990883,,,,12.0,44421.0
SRR3990884,1.0,,,16.0,6641.0
SRR3990885,1.0,,,16.0,7048.0
SRR3990886,,,,4045.0,52.0
SRR3990887,1.0,,,1648.0,47.0
SRR3990888,,,,1275.0,51.0
SRR3990889,,,,1271.0,27.0
SRR3990890,,,,3.0,12361.0
SRR3990891,,,,14.0,1206.0
SRR3990892,,,,13.0,1035.0
SRR3990893,,,,11.0,31051.0
SRR3990894,1.0,,,10.0,8348.0
SRR3990895,3.0,,,15.0,4162.0
SRR3990896,,,,4272.0,47.0
SRR3990897,1.0,,,2007.0,33.0
SRR3990898,,,,2095.0,26.0
SRR3990899,,,,1565.0,169.0
SRR3990900,,,,9.0,1469.0
SRR3990901,,,,5317.0,28.0
SRR3990902,,,,38.0,894.0
SRR3990903,,,,11.0,51824.0
SRR3990904,,,,12.0,15629.0
SRR3990905,1.0,,,208.0,8705.0
SRR3990906,,,,4074.0,37.0
SRR3990907,,,,2435.0,52.0
SRR3990908,,,,2789.0,19.0
SRR3990909,,,,2421.0,28.0
SRR3990910,2.0,,,42.0,2351.0
SRR3990911,,,,21.0,1791.0
SRR3990912,,,,2491.0,21.0
SRR3990913,1.0,,,9.0,23613.0
SRR3990914,7.0,,,24.0,5659.0
SRR3990915,,,,32.0,4367.0
SRR3990916,,,,2467.0,291.0
SRR3990917,1.0,,,1942.0,20.0
SRR3990918,,,1.0,2005.0,41.0
SRR3992895,1.0,,,6372.0,
SRR3992896,,,,3258.0,
SRR3992897,,,,4054.0,3.0
SRR3992898,3.0,,,3613.0,
SRR3992899,2.0,,,2509.0,1.0
SRR3992900,,,,2860.0,
SRR3992901,,,,4176.0,
SRR3992902,2.0,,,4336.0,
SRR3992903,,,,2792.0,
SRR3992904,,,,3321.0,
SRR3992905,,,,4086.0,
SRR3992906,,,,1578.0,
SRR3992907,1.0,,,3914.0,
SRR3992908,,,,4427.0,
SRR3992909,,,,6210.0,
SRR3992910,3.0,,,4966.0,3.0
SRR3992911,,,,3995.0,
SRR3992912,,,,2765.0,
SRR3992913,1.0,,,8362.0,
SRR3992914,,,,5061.0,
SRR3992915,,,,2392.0,
SRR3992916,,,,2020.0,
SRR3992917,,,,2959.0,
SRR3992918,,,,2420.0,
SRR3992919,,,,4214.0,
SRR3992920,,,,3969.0,1.0
SRR3992921,1.0,,,3003.0,
SRR3992922,,,,967.0,
SRR3992923,,,,3047.0,
SRR3992924,,,,4724.0,
SRR3992925,,,,3597.0,
SRR3992926,,,,1282.0,
SRR3992927,,,,4246.0,
SRR3992928,,,,1167.0,
SRR3992929,,,,4122.0,
SRR3992930,,,,2023.0,
SRR3992931,,,,2205.0,
SRR3992932,3.0,,,1872.0,
SRR3992933,,,,4262.0,1.0
SRR3992934,,,,2698.0,
SRR3992935,,,,5419.0,
SRR3992936,2.0,,,2234.0,
SRR3992937,1.0,,,6161.0,
SRR3992938,,,,1339.0,
SRR3992939,2.0,,,7133.0,2.0
SRR3992940,,,,4266.0,2.0
SRR3992941,,,,1934.0,
SRR3992942,,,,5657.0,3.0
SRR3992943,2.0,,,4287.0,
SRR3992944,,,,5476.0,
SRR3992945,,,,4611.0,
SRR3992946,1.0,,,4848.0,
SRR3992947,,,,2062.0,
SRR3992948,,,,4974.0,
SRR3992949,,,,2624.0,
SRR3992950,,,,5321.0,
SRR3992951,1.0,,,4602.0,
SRR3992952,4.0,,1.0,5098.0,2.0
SRR4026007,2013.0,460.0,7.0,514.0,1885.0
SRR4026008,2816.0,457.0,3.0,794.0,3933.0
SRR4026009,99.0,1160.0,,152.0,5815.0
SRR4026010,767.0,406.0,,839.0,3995.0
SRR4026011,797.0,394.0,,852.0,4338.0
SRR4026012,447.0,640.0,,490.0,3177.0
SRR4026013,466.0,633.0,,491.0,3160.0
SRR4026014,109.0,1200.0,,158.0,7201.0
SRR4026015,56.0,1742.0,,92.0,8272.0
SRR4026016,278.0,247.0,3.0,254.0,1042.0
SRR4026017,286.0,249.0,2.0,248.0,1075.0
SRR4026018,1852.0,256.0,1.0,1978.0,3296.0
SRR4026019,133.0,417.0,,51.0,1576.0
SRR4026020,59.0,1667.0,,92.0,9230.0
SRR4026021,1807.0,200.0,1.0,1774.0,3282.0
SRR4026022,440.0,1760.0,,137.0,4633.0
SRR4026023,2867.0,311.0,,775.0,1329.0
SRR4026024,166.0,461.0,,78.0,1155.0
SRR4026025,1515.0,1495.0,,1577.0,8819.0
SRR4026026,1194.0,153.0,,490.0,1576.0
SRR4026027,77.0,862.0,,63.0,3040.0
SRR4026028,748.0,142.0,2.0,574.0,706.0
SRR4026029,132.0,2114.0,,83.0,5226.0
SRR4026030,2018.0,461.0,10.0,539.0,1890.0
SRR4026031,776.0,16243.0,,1232.0,65175.0
SRR4026032,3225.0,667.0,1.0,2478.0,5199.0
SRR4026033,234.0,2291.0,1.0,218.0,5667.0
SRR4026034,5079.0,671.0,4.0,2288.0,3939.0
SRR4026035,6644.0,1252.0,4.0,2539.0,14252.0
SRR4026036,1897.0,12738.0,1.0,1022.0,44875.0
SRR4026037,575.0,134.0,,232.0,814.0
SRR4026038,100.0,5042.0,,101.0,11378.0
SRR4026039,2965.0,516.0,2.0,1824.0,5622.0
SRR4026040,285.0,2873.0,,340.0,13024.0
SRR4026041,1750.0,422.0,,907.0,3211.0
SRR4026042,1629.0,341.0,,789.0,3120.0
SRR4026043,244.0,3505.0,,130.0,19928.0
SRR4026044,241.0,3854.0,,144.0,19350.0
SRR4026045,873.0,842.0,2.0,379.0,2690.0
SRR4026046,915.0,848.0,2.0,377.0,2714.0
SRR4242041,1056.0,,3.0,10136.0,47859.0
SRR4242042,4145.0,,4.0,9012.0,38718.0
SRR4242043,739.0,,,2686.0,103293.0
SRR4242047,1871.0,,,7422.0,39133.0
SRR4242049,36135.0,,2.0,19987.0,87731.0
SRR4242052,7112.0,,,10624.0,193723.0
SRR4242054,3422.0,,,36265.0,68319.0
SRR4242055,6647.0,,,5826.0,6969.0
SRR4242056,4705.0,,,9735.0,74750.0
SRR4242057,8590.0,1.0,1.0,34369.0,81439.0
SRR4242058,31591.0,,1.0,28108.0,95526.0
SRR4242060,8048.0,,3.0,25284.0,266657.0
SRR4297077,,,,,
SRR4297078,,,,,
SRR4297079,,,,,
SRR4297080,,,,,
SRR4297081,,,,,
SRR4297082,,,,,
SRR4297083,,,,,
SRR4297084,,,,,
SRR4297085,,,,,
SRR4297086,,,,,
SRR4297087,,,,,
SRR4297088,,,,,
SRR4297089,,,,,
SRR4297090,,,,1.0,
SRR4297091,,,,,
SRR4297092,,,,,
SRR4297093,,,,,
SRR4297094,,,,,
SRR4297095,,,,,
SRR4297096,,,,,
SRR4297097,,,,,
SRR4297098,,,,,
SRR4297099,,,,,
SRR4297100,,,,,
SRR4297101,,,,,
SRR4297102,,,,,
SRR4297103,,,,,
SRR4297104,,,,,
SRR4297105,,,,,
SRR4297106,,,,,
SRR4297107,,,,,
SRR4297108,,,,,
SRR4297109,,,,,
SRR4297110,,,,,
SRR4297111,,,,,
SRR4297112,,,,,
SRR4297113,,,,,
SRR4297114,,,,,
SRR4297115,,,,,
SRR4297116,,,,,
SRR4297117,,,,,
SRR4297118,,,,,
SRR4297119,,,,,
SRR4297120,,,,,
SRR4297121,,,,,
SRR4297122,,,,,
SRR4297123,,,,,
SRR4297124,,,,,
SRR4297125,,,,,
SRR4297126,,,,,
SRR4297127,,,,,
SRR4297128,,,,,
SRR4297129,,,,,
SRR4297130,,,,,
SRR4297131,,,,,
SRR4297132,,,,,
SRR4297133,,,,,
SRR4297134,,,,,
SRR4297135,,,,,
SRR4297136,,,,,
SRR4297137,,,,,
SRR4297138,,,,,
SRR4297139,,,,,
SRR4297140,,,,,
SRR4297141,,,,,
SRR4297142,,,,,
SRR4297143,,,,,
SRR4297144,,,,,
SRR4297145,,,,,
SRR4297146,,,,,
SRR4297147,,,,,
SRR4297148,,,,,
SRR4297149,,,,,
SRR4297150,,,,,
SRR4297151,,,,,
SRR4297152,,,,,
SRR4297153,,,,,
SRR4297154,,,,,
SRR4297155,,,,,
SRR4297156,,,,,
SRR4297157,,,,,
SRR4297158,,,,,
SRR4297161,,,,1.0,
SRR4297162,,,,,
SRR4297163,,,,1.0,
SRR4297164,,,,,
SRR4297166,,,,,
SRR4297167,,,,,
SRR4297168,,,,,
SRR4297169,,,,,
SRR4297170,,,,,
SRR4297171,,,,,
SRR4297172,,,,,
SRR4297177,,,,,
SRR4297185,,,,,
SRR4297188,,,,,
SRR4297198,,,,,
SRR4297199,,,,,
SRR4297200,,,,,
SRR4297203,,,,,
SRR4297204,,,1.0,1.0,
SRR4297205,,,,,
SRR4297206,,,,,
SRR4297207,,,,,
SRR4297208,,,,,
SRR4297209,,,,,
SRR4297210,,,,,1.0
SRR4297211,,,,,
SRR4297212,,,,1.0,
SRR4297213,,,,,
SRR4297214,,,,,
SRR4297215,,,,,
SRR4297216,,,,,1.0
SRR4297217,,,,,
SRR4297218,,,,,
SRR4297219,,,,,
SRR4297220,,,,1.0,1.0
SRR4297221,,,,,1.0
SRR4297222,,,,,
SRR4297223,,,,,
SRR4297224,,,,,
SRR4297225,,,,,
SRR4297226,,,,,
SRR4297227,,,,,
SRR4297228,,,,,
SRR4297229,,,,,
SRR4297230,,,,,
SRR4297231,,,,,
SRR4297232,,,,,
SRR4297233,,,,,
SRR4297234,,,,,
SRR4297235,,,,,
SRR4297236,,,,,
SRR4297237,,,,,
SRR4297238,,,,,
SRR4297239,,,,,
SRR4297240,,,,,
SRR4297241,,,,,
SRR4297242,,,,,
SRR4297243,,,,,
SRR4297244,,,,,
SRR4297245,,,,,
SRR4297246,,,,,
SRR4297247,,,,,
SRR4297248,,,,,
SRR4297249,,,,,
SRR4297250,,,,,1.0
SRR4297251,,1.0,,,
SRR4297252,,,,,
SRR4297253,,,,,
SRR4297254,,,,,
SRR4297255,,,,,
SRR4297256,,,,,
SRR4297257,,,,,
SRR4297258,,,,,
SRR4297259,,,,,
SRR4297260,,,,,
SRR4297261,,,,,
SRR4297262,,,,,
SRR4297263,,,,,
SRR4297264,,,,,
SRR4297265,,,1.0,,1.0
SRR4297266,,,,,
SRR4297267,,,,,
SRR4297268,,,,,
SRR4297269,,,,,
SRR4297270,,,,,
SRR4297273,,,,,
SRR4297274,,,,,
SRR4297275,,,,,
SRR4297276,,,,,
SRR4297281,,,,,
SRR4297296,,,,,
SRR4297300,,,,,
SRR4297301,,,,,
SRR4297302,,,1.0,,
SRR4297309,,,,,
SRR4297310,,,,,
SRR4297311,,,,,
SRR4297312,,,,1.0,
SRR4297315,,,,,
SRR4297316,1.0,4.0,,1.0,1.0
SRR4297317,,,,,
SRR4297318,,,,,
SRR4297319,,,1.0,2.0,1.0
SRR4297320,,,1.0,1.0,1.0
SRR4297321,,,,,2.0
SRR4297323,1.0,,4.0,1.0,2.0
SRR4297324,,1.0,,1.0,3.0
SRR4297326,,3.0,1.0,1.0,4.0
SRR4297327,,,,,
SRR4297328,,1.0,3.0,3.0,6.0
SRR4297329,,,1.0,1.0,
SRR4297330,,1.0,3.0,3.0,5.0
SRR4297331,,2.0,1.0,3.0,2.0
SRR4297332,,2.0,4.0,1.0,2.0
SRR4297333,,,,3.0,6.0
SRR4297335,1.0,2.0,1.0,4.0,3.0
SRR4297336,,,,,
SRR4297337,1.0,1.0,2.0,1.0,2.0
SRR4297338,,1.0,1.0,,2.0
SRR4297339,1.0,1.0,3.0,2.0,3.0
SRR4297340,,,,,2.0
SRR4297341,,3.0,1.0,1.0,1.0
SRR4297342,,1.0,1.0,,1.0
SRR4297343,,,,,4.0
SRR4297344,1.0,1.0,2.0,3.0,3.0
SRR4297346,,,,,
SRR4297347,,,2.0,,
SRR4297348,,,1.0,,1.0
SRR4297349,,,,,
SRR4297350,,,,,
SRR4297351,,,,,
SRR4297352,,,1.0,,
SRR4297353,,,,,
SRR4297354,,,1.0,,
SRR4297355,,,1.0,,
SRR4297356,,1.0,1.0,,
SRR4297357,,,,,
SRR4297358,,,1.0,,1.0
SRR4297359,,,2.0,,1.0
SRR4297360,,1.0,,,1.0
SRR4297361,,,,,1.0
SRR4297362,,,1.0,,
SRR4297363,,,,,
SRR4297364,,,1.0,,
SRR4297365,,,,,
SRR4297366,,,,,
SRR4297367,,,,,
SRR4297368,,,,,
SRR4297369,,,,,
SRR4297371,,,,,
SRR4297372,,,,,
SRR4297374,,,,,
SRR4297375,,,,,
SRR4297384,,,,,
SRR4297385,,,,,
SRR4297387,,1.0,,,
SRR4297388,,,2.0,,
SRR4297389,,,,1.0,
SRR4297390,,1.0,,,
SRR4297391,,,,,
SRR4297392,,,,,1.0
SRR4297393,,,,,
SRR4297394,,,,,
SRR4297395,,,1.0,,
SRR4297396,,,,,
SRR4297397,,,,,
SRR4297398,,,,,
SRR4297399,,,,,
SRR4297400,,,,,1.0
SRR4297401,,1.0,,,
SRR4297402,,,,,
SRR4297403,,,1.0,,
SRR4297404,,,,,
SRR4297405,,,,,1.0
SRR4297406,,,1.0,,
SRR4297407,,,,,
SRR4297408,,,,,
SRR4297409,1.0,,,,
SRR4297410,,,,,
SRR4297411,,,,,
SRR4297412,,,,,
SRR4297413,,,,,
SRR4297414,,,,,1.0
SRR4297415,,,,,
SRR4297416,,1.0,1.0,,
SRR4297417,,,1.0,,
SRR4297418,,1.0,,,
SRR4297419,,,,,
SRR4297420,,,,,
SRR4297421,,,,,
SRR4297422,,,,,
SRR4297423,,,,,
SRR4297424,,,,,
SRR4297425,,,,,
SRR4297426,,,,,
SRR4297427,,,,,
SRR4297429,,,,,
SRR4297430,,,1.0,,1.0
SRR4297431,,,,,
SRR4297432,,,,,
SRR4297433,,,,,1.0
SRR4297434,,,,,1.0
SRR4297435,,1.0,1.0,,
SRR4297436,,,,,
SRR4297437,,,2.0,,
SRR4297438,,,1.0,,
SRR4297439,,,1.0,,
SRR4297440,,,,,
SRR4297441,,,,,1.0
SRR4297442,,,,,
SRR4297443,1.0,,,,
SRR4297444,,,1.0,,
SRR4297445,,,1.0,,
SRR4297446,,,,,
SRR4297447,,,,,
SRR4297448,,,,,
SRR4297449,,,1.0,,1.0
SRR4297450,,,1.0,,1.0
SRR4297451,,,,,
SRR4297452,,1.0,,,
SRR4297453,,,,,
SRR4297454,,,,,
SRR4297455,,,,,
SRR4297456,,,1.0,,
SRR4297457,,,1.0,,
SRR4297458,,,1.0,,1.0
SRR4297459,,,1.0,,
SRR4297460,,1.0,,,
SRR4297461,,,,,
SRR4297462,1.0,,1.0,,1.0
SRR4297463,,,1.0,,
SRR4297464,,,,,
SRR4297465,,,,,
SRR4297466,,,,,1.0
SRR4297467,,,,,1.0
SRR4297468,,,,,
SRR4297469,,,,,
SRR4297470,,,,,
SRR4297471,,,1.0,,4.0
SRR4297472,,,,,
SRR4297473,,,1.0,,5.0
SRR4297475,,,,,
SRR4297476,,,,,
SRR4297477,,,,,
SRR4297478,,,,,
SRR4297479,,,,,3.0
SRR4297480,,1.0,3.0,1.0,8.0
SRR4297481,,1.0,,,6.0
SRR4297482,,,2.0,,6.0
SRR4297483,,,,,7.0
SRR4297484,,,,,5.0
SRR4297485,,,3.0,,5.0
SRR4297486,,1.0,,,7.0
SRR4297487,,2.0,3.0,,4.0
SRR4297488,,,1.0,,1.0
SRR4297489,,,,,5.0
SRR4297490,,,,,3.0
SRR4297491,,1.0,1.0,,1.0
SRR4297492,,,,,3.0
SRR4297493,,,1.0,,1.0
SRR4297494,,,2.0,,
SRR4297495,,,,,1.0
SRR4297496,,,,,1.0
SRR4297497,,1.0,,,
SRR4297498,,,,,2.0
SRR4297499,,,,,
SRR4297500,,,,,
SRR4297501,,,1.0,,3.0
SRR4297502,,1.0,2.0,,2.0
SRR4297503,,,,,2.0
SRR4297504,,,2.0,,5.0
SRR4297505,,,2.0,,7.0
SRR4297506,,,1.0,,2.0
SRR4297507,,,,,1.0
SRR4297508,,,,,1.0
SRR4297509,,,,,1.0
SRR4297510,,,,,
SRR4297511,,,2.0,,2.0
SRR4297512,,,3.0,,7.0
SRR4297513,,,,,6.0
SRR4297514,,,1.0,,3.0
SRR4297515,,,,,6.0
SRR4297516,,,2.0,,4.0
SRR4297517,,,,,7.0
SRR4297518,,1.0,2.0,,12.0
SRR4297519,,,1.0,,2.0
SRR4297520,,,1.0,,5.0
SRR4297521,,,2.0,,
SRR4297522,,,,,4.0
SRR4297523,,,1.0,1.0,9.0
SRR4297524,,,,,1.0
SRR4297525,,,,,4.0
SRR4297526,,,1.0,,3.0
SRR4297527,,,1.0,,5.0
SRR4297528,,,2.0,,6.0
SRR4297529,,,,,2.0
SRR4297530,,,,,3.0
SRR4297531,,,1.0,,1.0
SRR4297532,,,1.0,,
SRR4297533,,,,,
SRR4297534,,,1.0,,
SRR4297536,,,,,1.0
SRR4297537,,,2.0,,
SRR4297538,,1.0,1.0,,
SRR4297539,,,,,
SRR4297540,,,,,
SRR4297541,,,,,
SRR4297542,,,,,
SRR4297543,,,,,
SRR4297544,,,1.0,,
SRR4297545,,,,,
SRR4297546,,,,,
SRR4297547,,,,,
SRR4297548,,,,,
SRR4297549,,,,,
SRR4297550,,,,,
SRR4297551,,,,,
SRR4297552,,,,,
SRR4297553,,,,,
SRR4297554,,1.0,,,
SRR4297555,,,,,
SRR4297556,,,,,
SRR4297557,,,,,
SRR4297558,,,,,
SRR4297559,,,,,
SRR4297560,,,,,
SRR4297561,,,,,
SRR4297562,,,,,
SRR4297563,,,,,
SRR4297564,,,,,
SRR4297565,,,,,
SRR4297566,,,,,
SRR4297567,,,,,
SRR4297568,,,,,
SRR4297569,,,,,
SRR4297570,,,,,
SRR4297571,,,,,
SRR4297572,,,,,
SRR4297573,,,,,
SRR4297574,,,1.0,,
SRR4297575,,,,,
SRR4297576,,,,,
SRR4297577,,,,,
SRR4297578,,,,1.0,
SRR4297579,,,,,
SRR4297580,,,,,
SRR4297581,,,,,
SRR4297582,,,,,
SRR4297583,,,,,
SRR4297584,,,,,
SRR4297585,,,,,
SRR4297586,,,,,
SRR4297587,,,,,
SRR4297588,,,,,
SRR4297589,,,,,
SRR4297590,,,,,
SRR4297591,,,,,
SRR4297592,,,,,
SRR4297593,,,,,
SRR4297594,,,1.0,,
SRR4297595,,,,1.0,
SRR4297596,,,,,
SRR4297597,,,,,
SRR4297598,,,,,
SRR4297599,,,,,
SRR4297600,,,,,
SRR4297601,,,1.0,,
SRR4297602,,,,,
SRR4297603,,,,,
SRR4297604,,,3.0,,
SRR4297605,,,,,
SRR4297606,,,,,
SRR4297607,,,,,
SRR4297608,,,,,
SRR4297609,,,1.0,,
SRR4297610,,,1.0,,1.0
SRR4297611,,1.0,,1.0,
SRR4297612,,,2.0,1.0,1.0
SRR4297613,,,2.0,1.0,
SRR4297614,,1.0,1.0,,1.0
SRR4297615,,,1.0,2.0,
SRR4297616,,,,,
SRR4297617,,1.0,,2.0,2.0
SRR4297618,,,1.0,2.0,1.0
SRR4297619,,,1.0,,
SRR4297620,,,2.0,,3.0
SRR4297621,,,1.0,1.0,
SRR4297622,,,,1.0,
SRR4297623,,,1.0,,
SRR4297624,,,,,
SRR4297625,,,2.0,,
SRR4297626,,,1.0,1.0,
SRR4297627,,,,,
SRR4297628,,,1.0,,
SRR4297629,,,,,
SRR4297630,,,,,
SRR4297631,,,,,
SRR4297632,,,,,
SRR4297633,,,,,
SRR4297634,,,,,
SRR4297635,,,1.0,,
SRR4417615,1.0,5.0,1.0,499.0,
SRR4417616,,,2.0,154.0,
SRR4417619,3.0,3.0,4.0,799.0,
SRR4417620,1.0,,,255.0,
SRR4417621,2.0,9.0,1.0,370.0,
SRR4417625,,5.0,,195.0,
SRR4417629,2.0,3.0,5.0,755.0,
SRR4417630,,,,231.0,
SRR4417631,1.0,8.0,,321.0,
SRR4431764,5936.0,2154.0,3.0,3167.0,11466.0
SRR4431765,9253.0,1733.0,6.0,11379.0,9611.0
SRR4431766,8180.0,3788.0,15.0,4470.0,18996.0
SRR4431767,7184.0,3371.0,27.0,3247.0,20465.0
SRR4431768,7881.0,5099.0,19.0,4189.0,22886.0
SRR4431769,6847.0,4406.0,8.0,3334.0,26639.0
SRR4431770,7397.0,3057.0,10.0,4212.0,14904.0
SRR4431771,8218.0,5467.0,23.0,4375.0,24253.0
SRR4431772,10569.0,5026.0,17.0,5085.0,27523.0
SRR4431773,8755.0,4816.0,14.0,4468.0,25148.0
SRR4431774,4455.0,3116.0,3.0,2024.0,17480.0
SRR4431775,2966.0,2657.0,,1910.0,14457.0
SRR4431776,3524.0,2791.0,2.0,2220.0,19646.0
SRR4431777,3943.0,3167.0,2.0,2301.0,19699.0
SRR4431778,2935.0,2489.0,2.0,2120.0,14044.0
SRR4431779,942.0,168.0,1.0,385.0,887.0
SRR4431780,3629.0,4241.0,1.0,2079.0,22231.0
SRR4431781,2116.0,1224.0,1.0,1580.0,7523.0
SRR4431782,3253.0,1722.0,,1624.0,9579.0
SRR4431783,3334.0,2508.0,,1692.0,11924.0
SRR4431784,8133.0,1454.0,3.0,2349.0,10008.0
SRR4431785,10009.0,1295.0,6.0,3462.0,9172.0
SRR4431786,12775.0,958.0,9.0,4000.0,7428.0
SRR4431787,10543.0,1261.0,6.0,3471.0,8909.0
SRR4431788,9959.0,2209.0,3.0,3260.0,16506.0
SRR4431789,11326.0,1194.0,4.0,3554.0,9672.0
SRR4431790,9898.0,784.0,10.0,10982.0,6477.0
SRR4431791,10102.0,1977.0,6.0,3884.0,13264.0
SRR4431792,9639.0,697.0,3.0,3104.0,5708.0
SRR4431793,7565.0,850.0,15.0,2269.0,6560.0
SRR5063082,15403.0,,,1.0,41.0
SRR5063083,27217.0,,,13.0,129.0
SRR5063084,13.0,,,,128284.0
SRR5063085,37.0,,,4.0,1929.0
SRR5063086,16209.0,,,,720.0
SRR5063087,708.0,,,,14690.0
SRR5063088,21378.0,,,17.0,152.0
SRR5063089,211.0,,,8.0,5857.0
SRR5063090,134.0,,,,9854.0
SRR5063091,11438.0,,,4.0,37.0
SRR5063092,1.0,,,,55500.0
SRR5063093,4670.0,,,,92.0
SRR5063094,870.0,,,99.0,13344.0
SRR5063095,183.0,,,5.0,9389.0
SRR5063096,19655.0,,,68.0,990.0
SRR5063097,,,,,98189.0
SRR5063098,131.0,,,4.0,4378.0
SRR5063099,4739.0,,,5.0,160.0
SRR5063100,22403.0,,,8.0,122.0
SRR5063101,38528.0,,,225.0,1130.0
SRR5063102,455.0,,,103.0,40661.0
SRR5063103,898.0,,,98.0,32816.0
SRR5063104,7366.0,,,,111.0
SRR5063105,123.0,,,2.0,4760.0
SRR5063106,17064.0,,,53.0,286.0
SRR5063107,14394.0,,,2.0,46.0
SRR5063109,9917.0,,,2.0,148.0
SRR5063110,187.0,,,3.0,7456.0
SRR5063111,108.0,,,3.0,13393.0
SRR5063112,116.0,,,5.0,16437.0
SRR5063113,114.0,,,,8688.0
SRR5063114,138.0,,,2.0,1351.0
SRR5063115,13394.0,,,5.0,142.0
SRR5063116,8727.0,,,,108.0
SRR5408019,23.0,,,15.0,40667.0
SRR5408020,39.0,1.0,,15.0,75681.0
SRR5408021,46.0,,,82.0,149614.0
SRR5408022,138.0,,,266.0,132864.0
SRR5408023,73.0,,,159.0,107087.0
SRR5408024,85.0,,,43.0,109731.0
SRR5408025,63.0,,,14.0,102576.0
SRR5408026,50.0,,,32.0,105755.0
SRR5408027,124.0,,,201.0,75848.0
SRR5408028,30.0,,,60.0,71447.0
SRR5408029,37.0,,,23.0,98012.0
SRR5811752,18462.0,2.0,,30.0,31.0
SRR5811754,31.0,,,250.0,17.0
SRR5811755,,,,54.0,11813.0
SRR5811756,675.0,,,1508.0,24.0
SRR5811757,3270.0,,,1539.0,4824.0
SRR5811758,5735.0,4.0,,6227.0,53779.0
SRR5811759,4484.0,,,4256.0,5456.0
SRR5811760,8408.0,,,7850.0,10264.0
SRR5811761,5576.0,,,4361.0,7362.0
SRR5811762,5519.0,3.0,1.0,15709.0,77905.0
SRR5811763,11223.0,3.0,,6833.0,90568.0
SRR5811764,4096.0,1.0,,4424.0,4724.0
SRR5811765,6502.0,6.0,,11543.0,67794.0
SRR5811766,22.0,2.0,,1927.0,254102.0
SRR5811767,89.0,,,148.0,3812.0
SRR5811768,11.0,2.0,,113.0,12805.0
SRR5811769,38.0,,,172.0,5199.0
SRR5811770,1904.0,,2.0,2414.0,3494.0
SRR5811771,6152.0,,,4330.0,6620.0
SRR5811772,12048.0,10.0,,58.0,21.0
SRR5811773,15669.0,3.0,2.0,29.0,8.0
SRR5811774,19021.0,1.0,1.0,30055.0,96229.0
SRR5811775,13462.0,,,9007.0,31119.0
SRR5811776,8322.0,,,5031.0,31126.0
SRR5811777,14831.0,1.0,2.0,6503.0,30569.0
SRR5811781,13148.0,1.0,,8847.0,75371.0
SRR5811782,11.0,,1.0,5441.0,87094.0
SRR5811783,3.0,5.0,,33406.0,16.0
SRR5811784,6.0,,,3808.0,156816.0
SRR5811785,11.0,,2.0,22967.0,163412.0
SRR5811786,20.0,1.0,1.0,22507.0,90567.0
SRR5811789,14.0,,1.0,17090.0,239149.0
SRR5811790,,3.0,,11352.0,388364.0
SRR5811791,,,,21217.0,250967.0
SRR5851422,1.0,,,1.0,
SRR5888724,4.0,1.0,23.0,12861.0,5.0
SRR5888725,127.0,4.0,28.0,10299.0,12171.0
SRR5888726,23.0,3.0,20.0,11472.0,6.0
SRR5888727,107.0,7.0,15.0,9968.0,12039.0
SRR5888728,76.0,6.0,26.0,8120.0,9921.0
SRR5888729,74.0,6.0,34.0,8591.0,10214.0
SRR5888730,3.0,1.0,18.0,11926.0,7.0
SRR5888731,155.0,5.0,12.0,10711.0,119.0
SRR5888732,221.0,9.0,31.0,14181.0,113.0
SRR5888733,166.0,11.0,9.0,8451.0,87.0
SRR5888734,289.0,4.0,20.0,10194.0,97.0
SRR5888735,122.0,7.0,14.0,8487.0,92.0
SRR5888736,282.0,8.0,17.0,7284.0,58.0
SRR611538,15.0,,1.0,7799.0,38.0
SRR611539,9.0,,8.0,8324.0,66.0
SRR611801,137.0,9.0,,219.0,696.0
SRR611802,218.0,10.0,,165.0,158.0
SRR611803,736.0,45.0,8.0,655.0,450.0
SRR6206369,1.0,174.0,10.0,16.0,
SRR6206370,9.0,435.0,23.0,25.0,2.0
SRR6206371,9.0,362.0,22.0,20.0,
SRR6206372,4.0,556.0,20.0,54.0,9.0
SRR6206373,1.0,282.0,11.0,8.0,3.0
SRR6206374,,139.0,13.0,8.0,1.0
SRR6206375,1.0,455.0,21.0,19.0,1.0
SRR6206376,7.0,222.0,8.0,3.0,
SRR6206377,1.0,434.0,25.0,25.0,1.0
SRR6206378,4.0,268.0,16.0,8.0,
SRR6206379,2.0,163.0,10.0,6.0,
SRR6206380,2.0,163.0,7.0,7.0,2.0
SRR6206381,3.0,323.0,14.0,12.0,
SRR6206382,27.0,364.0,16.0,10.0,
SRR6206383,3.0,252.0,7.0,10.0,1.0
SRR6206384,7.0,225.0,7.0,8.0,
SRR6206385,1.0,132.0,7.0,2.0,1.0
SRR6206386,9.0,356.0,14.0,10.0,
SRR6207002,4.0,225.0,7.0,5.0,1.0
SRR6207003,1.0,124.0,5.0,1.0,
SRR6207004,1.0,289.0,7.0,4.0,
SRR6207005,4.0,343.0,22.0,14.0,1.0
SRR6207006,1.0,276.0,13.0,10.0,1.0
SRR6207007,1.0,269.0,13.0,16.0,
SRR6207008,1.0,267.0,10.0,4.0,
SRR6207009,5.0,161.0,8.0,3.0,
SRR6207010,,200.0,6.0,4.0,
SRR6207011,7.0,409.0,15.0,12.0,
SRR6207012,2.0,239.0,9.0,7.0,
SRR6207013,,246.0,13.0,3.0,
SRR6207014,1.0,197.0,8.0,30.0,
SRR6207015,1.0,205.0,10.0,5.0,
SRR6207016,,186.0,12.0,5.0,
SRR6207017,2.0,195.0,10.0,3.0,
SRR6207018,2.0,284.0,14.0,8.0,1.0
SRR6207019,,193.0,10.0,11.0,
SRR6336498,1009.0,,11.0,203.0,36.0
SRR6336500,,,,2.0,
SRR6336501,,,,1.0,
SRR6386589,22256.0,,64.0,4948.0,46144.0
SRR6386596,5373.0,,48.0,2541.0,23011.0
SRR6387556,3231.0,,,3361.0,3613.0
SRR6387557,15.0,,,91.0,3354.0
SRR7230358,2319.0,4576.0,,659.0,15099.0
SRR8283601,9.0,8.0,36.0,11040.0,178946.0
SRR8283602,17.0,27.0,69.0,26085.0,409892.0
SRR8283603,46.0,24.0,141.0,67199.0,1003624.0
SRR8283604,23.0,13.0,28.0,16141.0,231829.0
SRR8283605,22.0,30.0,89.0,38703.0,571723.0
SRR8283606,35.0,48.0,187.0,119369.0,1532425.0
SRR8283607,18.0,29.0,42.0,14708.0,244200.0
SRR8283608,26.0,16.0,75.0,28555.0,480537.0
SRR8283609,16.0,26.0,52.0,25146.0,386714.0
SRR8283610,27.0,28.0,86.0,43720.0,662136.0
SRR8283611,21.0,25.0,74.0,22701.0,347782.0
SRR8283612,22.0,26.0,51.0,17817.0,287789.0
SRR8283613,30.0,24.0,58.0,21312.0,318311.0
SRR8283614,8.0,17.0,51.0,21256.0,303579.0
SRR8283615,40.0,29.0,52.0,17548.0,286106.0
SRR8283616,17.0,35.0,62.0,27532.0,429024.0
SRR8283617,28.0,38.0,114.0,55986.0,839219.0
SRR8283618,18.0,21.0,51.0,27443.0,435929.0
SRR8283619,17.0,9.0,50.0,16980.0,191308.0
SRR8283620,19.0,21.0,73.0,27409.0,305633.0
SRR8283621,9.0,12.0,56.0,20687.0,255006.0
SRR8283622,13.0,13.0,56.0,21878.0,251642.0
SRR8283623,10.0,6.0,52.0,15365.0,156416.0
SRR8283624,10.0,41.0,109.0,35971.0,416590.0
SRR8283625,8.0,10.0,71.0,24328.0,267183.0
SRR8283626,15.0,6.0,71.0,17888.0,203928.0
SRR8283627,20.0,26.0,73.0,25886.0,306904.0
SRR8283628,16.0,11.0,70.0,32528.0,327873.0
SRR8283629,13.0,32.0,105.0,50003.0,542170.0
SRR8283630,20.0,17.0,81.0,28473.0,289421.0
SRR8283631,6.0,15.0,48.0,21072.0,234035.0
SRR8283632,18.0,13.0,52.0,30854.0,346596.0
SRR8283633,18.0,28.0,103.0,50278.0,582126.0
SRR8283634,31.0,15.0,84.0,38067.0,420975.0
SRR8283635,27.0,26.0,59.0,31713.0,381087.0
SRR8283636,18.0,11.0,77.0,36363.0,429374.0
SRR8283637,23.0,13.0,63.0,32132.0,359397.0
SRR8283638,14.0,21.0,67.0,26633.0,286566.0
SRR8283639,10.0,18.0,42.0,21192.0,258646.0
SRR8283640,17.0,17.0,78.0,30666.0,342282.0
SRR8283641,17.0,18.0,81.0,25703.0,303899.0
SRR8283642,25.0,24.0,82.0,32659.0,361096.0
SRR8283643,15.0,13.0,83.0,36786.0,380944.0
SRR8283644,22.0,7.0,77.0,32914.0,339738.0
SRR8283645,17.0,10.0,67.0,36316.0,399994.0
SRR8283646,8.0,12.0,43.0,23090.0,249088.0
SRR8283647,22.0,8.0,46.0,18478.0,182585.0
SRR8283648,13.0,14.0,78.0,27605.0,288480.0
SRR8283649,15.0,7.0,76.0,32437.0,324397.0
SRR8283650,13.0,12.0,76.0,26047.0,251130.0
SRR8283651,12.0,30.0,81.0,35892.0,377919.0
SRR8283652,7.0,8.0,54.0,16105.0,148178.0
SRR8283653,15.0,11.0,54.0,22503.0,239381.0
SRR8283654,16.0,5.0,77.0,19400.0,192142.0
SRR8283655,79.0,78.0,423.0,239518.0,2744607.0
SRR8283656,79.0,94.0,417.0,257445.0,2732730.0
SRR8283657,53.0,47.0,207.0,129586.0,1397413.0
SRR8283658,69.0,79.0,327.0,191555.0,1944328.0
SRR8283659,79.0,105.0,432.0,258396.0,2852430.0
SRR8283660,59.0,44.0,279.0,173051.0,1962295.0
SRR8283661,96.0,111.0,464.0,285636.0,3339647.0
SRR8283662,114.0,139.0,510.0,342866.0,3837687.0
SRR8283663,96.0,100.0,470.0,278192.0,3084735.0
SRR8283664,106.0,82.0,359.0,234389.0,2651298.0
SRR8283665,54.0,87.0,311.0,200867.0,2206479.0
SRR8283666,67.0,73.0,318.0,180877.0,2062100.0
SRR8283667,39.0,27.0,131.0,66886.0,723114.0
SRR8283668,56.0,33.0,180.0,106089.0,1097287.0
SRR8283669,60.0,45.0,237.0,145736.0,1505393.0
SRR8283670,78.0,87.0,330.0,213190.0,2134652.0
SRR8283671,67.0,73.0,326.0,202315.0,2291437.0
SRR8283672,99.0,96.0,467.0,269801.0,2909360.0
SRR8283727,12.0,22.0,62.0,21145.0,269003.0
SRR8283728,13.0,9.0,38.0,13376.0,153414.0
SRR8283729,5.0,14.0,26.0,8850.0,89704.0
SRR8283730,18.0,16.0,92.0,21478.0,268520.0
SRR8283731,10.0,8.0,48.0,16836.0,171416.0
SRR8283732,34.0,16.0,95.0,29579.0,393037.0
SRR8283733,2.0,1.0,21.0,5468.0,41532.0
SRR8283734,10.0,4.0,42.0,16207.0,154328.0
SRR8283735,5.0,1.0,7.0,3955.0,39429.0
SRR8283736,13.0,19.0,62.0,27255.0,486139.0
SRR8283737,3.0,5.0,23.0,5649.0,65061.0
SRR8283738,20.0,13.0,94.0,30990.0,396761.0
SRR8283739,2.0,1.0,6.0,3973.0,44035.0
SRR8283740,5.0,1.0,5.0,5124.0,68522.0
SRR8283741,3.0,3.0,15.0,6955.0,97036.0
SRR8283742,3.0,4.0,8.0,6911.0,87818.0
SRR8283755,12.0,12.0,54.0,19090.0,329243.0
SRR8283756,18.0,3.0,58.0,13015.0,204428.0
SRR8283757,12.0,6.0,54.0,16190.0,270230.0
SRR8283758,2.0,3.0,12.0,3014.0,38176.0
SRR8283759,1.0,,16.0,4736.0,71354.0
SRR8283760,9.0,1.0,30.0,9614.0,158902.0
SRR8283761,7.0,9.0,30.0,9071.0,135818.0
SRR8283762,17.0,3.0,39.0,15522.0,248070.0
SRR8283763,4.0,2.0,42.0,10774.0,165203.0
SRR8283764,16.0,14.0,23.0,6204.0,76596.0
SRR8283765,8.0,58.0,18.0,6765.0,94441.0
SRR8283766,3.0,13.0,45.0,10345.0,166002.0
SRR8283767,10.0,21.0,72.0,18372.0,309010.0
SRR8283768,1.0,1.0,15.0,4875.0,64772.0
SRR8283769,4.0,2.0,25.0,3329.0,45905.0
SRR8283770,17.0,28.0,74.0,30149.0,530289.0
SRR8283771,11.0,4.0,53.0,23696.0,404885.0
SRR8283772,25.0,7.0,44.0,24293.0,428157.0
SRR8283773,62.0,58.0,224.0,179163.0,882763.0
SRR8283774,107.0,60.0,457.0,348795.0,1675037.0
SRR8283775,50.0,81.0,382.0,318104.0,1356021.0
SRR8283776,103.0,98.0,575.0,405316.0,2145114.0
SRR8283777,87.0,59.0,468.0,343816.0,1472819.0
SRR8283778,105.0,87.0,504.0,380130.0,1599648.0
SRR8283779,68.0,63.0,421.0,334748.0,1508469.0
SRR8283780,64.0,53.0,487.0,360567.0,1467759.0
SRR8283781,82.0,89.0,502.0,402130.0,1875573.0
SRR8283782,94.0,72.0,477.0,356370.0,1540611.0
SRR8283783,111.0,116.0,723.0,556660.0,2684769.0
SRR8283784,138.0,133.0,648.0,534585.0,2758073.0
SRR8283785,65.0,77.0,386.0,276940.0,1287324.0
SRR8283786,36.0,37.0,257.0,171084.0,818564.0
SRR8283787,77.0,78.0,541.0,343647.0,1537694.0
SRR8283788,79.0,63.0,412.0,325635.0,1398927.0
SRR8283789,90.0,82.0,629.0,485054.0,2324802.0
SRR8283790,93.0,85.0,471.0,391161.0,2031735.0
SRR8283791,32.0,51.0,195.0,64714.0,459764.0
SRR8283792,36.0,72.0,195.0,127150.0,1016083.0
SRR8283793,24.0,11.0,138.0,51171.0,339426.0
SRR8283794,36.0,26.0,144.0,62271.0,441623.0
SRR8283795,6.0,42.0,101.0,35499.0,223576.0
SRR8283796,27.0,49.0,152.0,63505.0,451427.0
SRR8283797,61.0,66.0,309.0,187383.0,1181332.0
SRR8283798,47.0,80.0,291.0,175558.0,1531582.0
SRR8283799,22.0,18.0,65.0,20629.0,121682.0
SRR8283800,30.0,34.0,168.0,42617.0,277567.0
SRR8283801,26.0,19.0,76.0,17018.0,96680.0
SRR8283802,27.0,18.0,116.0,33715.0,212066.0
SRR8283803,13.0,22.0,67.0,21889.0,127407.0
SRR8283804,19.0,19.0,80.0,27628.0,169625.0
SRR8283805,19.0,23.0,106.0,31155.0,191966.0
SRR8283806,34.0,25.0,133.0,42958.0,271978.0
SRR8283807,24.0,37.0,199.0,58221.0,393331.0
SRR8283808,51.0,65.0,260.0,166712.0,1189837.0
SRR8283825,10.0,4.0,134.0,60031.0,159307.0
SRR8283826,9.0,2.0,96.0,26806.0,58431.0
SRR8283827,9.0,8.0,84.0,30587.0,78191.0
SRR8283828,5.0,18.0,134.0,48512.0,119159.0
SRR8283829,33.0,6.0,105.0,34457.0,81834.0
SRR8283830,27.0,3.0,181.0,47592.0,101146.0
SRR8283831,14.0,3.0,257.0,60829.0,129254.0
SRR8283832,2.0,2.0,40.0,12910.0,25972.0
SRR8283833,2.0,4.0,28.0,13662.0,31403.0
SRR8283834,4.0,,34.0,14107.0,28407.0
SRR8283835,2.0,4.0,77.0,36897.0,96004.0
SRR8283836,6.0,6.0,64.0,23487.0,50941.0
SRR8283837,3.0,,38.0,11845.0,26354.0
SRR8283838,7.0,6.0,49.0,14692.0,29844.0
SRR8283839,4.0,1.0,83.0,26210.0,66527.0
SRR8283840,6.0,2.0,71.0,26094.0,63588.0
SRR8283841,12.0,2.0,68.0,23132.0,59701.0
SRR8283842,6.0,4.0,80.0,31372.0,75573.0
SRR8283843,20.0,39.0,90.0,46559.0,884668.0
SRR8283844,29.0,17.0,108.0,36754.0,656459.0
SRR8283845,15.0,33.0,58.0,24470.0,446972.0
SRR8283846,15.0,21.0,35.0,15170.0,278169.0
SRR8283847,10.0,14.0,57.0,21419.0,363066.0
SRR8283848,17.0,18.0,50.0,20614.0,363420.0
SRR8283849,23.0,15.0,85.0,32607.0,567397.0
SRR8283850,13.0,19.0,63.0,18413.0,355791.0
SRR8283851,2.0,,6.0,1445.0,17787.0
SRR8283852,4.0,6.0,59.0,14585.0,271152.0
SRR8283853,24.0,23.0,93.0,43420.0,840137.0
SRR8283854,15.0,23.0,106.0,42915.0,811683.0
SRR8283855,40.0,24.0,68.0,36162.0,700664.0
SRR8283856,18.0,12.0,71.0,22663.0,443658.0
SRR8283857,12.0,16.0,87.0,31821.0,528731.0
SRR8283858,8.0,12.0,105.0,29549.0,533295.0
SRR8283859,1.0,3.0,24.0,4220.0,70791.0
SRR8283860,13.0,12.0,23.0,9723.0,184237.0
SRR8283869,6.0,10.0,64.0,10623.0,125292.0
SRR8283870,5.0,4.0,31.0,5688.0,64771.0
SRR8283871,5.0,11.0,31.0,12291.0,161495.0
SRR8283872,16.0,6.0,43.0,7742.0,98816.0
SRR8283873,5.0,10.0,33.0,6498.0,68704.0
SRR8283874,4.0,11.0,47.0,19959.0,295688.0
SRR8283875,10.0,1.0,43.0,12683.0,158115.0
SRR8283876,5.0,8.0,24.0,5529.0,70216.0
SRR8283877,6.0,6.0,38.0,9797.0,118326.0
SRR8283878,37.0,24.0,59.0,36742.0,543354.0
SRR8283879,3.0,,21.0,3147.0,28950.0
SRR8283880,6.0,1.0,28.0,21758.0,328813.0
SRR8283881,12.0,7.0,18.0,5487.0,54987.0
SRR8283882,,2.0,16.0,3574.0,40205.0
SRR8283883,13.0,,18.0,4524.0,52504.0
SRR8283884,8.0,13.0,32.0,11514.0,151201.0
SRR8283885,12.0,6.0,43.0,12536.0,163799.0
SRR8283886,13.0,24.0,39.0,11806.0,163694.0
SRR8365246,13.0,913.0,62.0,49.0,8.0
SRR8365247,5.0,713.0,37.0,23.0,3.0
SRR8365248,6.0,760.0,38.0,35.0,9.0
SRR8365249,7.0,831.0,45.0,36.0,10.0
SRR8365250,2.0,256.0,6.0,3.0,1.0
SRR8365251,1.0,53.0,1.0,1.0,
SRR8365253,4.0,107.0,1.0,7.0,2.0
SRR8365254,,317.0,11.0,3.0,
SRR8365255,4.0,407.0,21.0,9.0,1.0
SRR8365256,3.0,323.0,12.0,8.0,
SRR8365257,6.0,384.0,21.0,11.0,
SRR8365259,1.0,5.0,,23.0,3.0
SRR8365261,36.0,37558.0,148.0,141.0,210.0
SRR8365263,44.0,36210.0,341.0,204.0,259.0
SRR8365264,1.0,58.0,1.0,6.0,
SRR8365265,2.0,123.0,2.0,2.0,1.0
SRR8365267,,57.0,,,
SRR8365268,2.0,176.0,8.0,4.0,3.0
SRR8365269,7.0,1297.0,52.0,36.0,20.0
SRR8365270,2.0,159.0,1.0,3.0,
SRR8365271,9.0,1303.0,61.0,39.0,17.0
SRR8365272,8.0,1182.0,60.0,34.0,18.0
SRR8365273,9.0,930.0,37.0,20.0,11.0
SRR8365274,8.0,724.0,26.0,14.0,8.0
SRR8365277,22.0,,,401.0,16.0
SRR8365278,9.0,,,121.0,4.0
SRR8365279,1.0,,,23.0,1.0
SRR8365281,53.0,1.0,44.0,85.0,670164.0
SRR8365282,122071.0,1.0,,145.0,61.0
SRR8365286,117253.0,22.0,1.0,174.0,256.0
SRR8365287,94.0,,104.0,269.0,2390209.0
SRR8365288,4.0,,,4.0,9.0
SRR8365289,1.0,,,23.0,1.0
SRR8365290,8.0,,,191.0,9.0
SRR8365291,20.0,,1.0,197.0,26.0
SRR8365293,8.0,,,829.0,26.0
SRR8365296,182833.0,3.0,1.0,460.0,138.0
SRR8365297,4.0,,,20.0,5.0
SRR8365298,7.0,,,174.0,9.0
SRR8365299,3.0,,,152.0,4.0
SRR8365300,9.0,,,615.0,15.0
SRR8365301,7.0,962.0,40.0,20.0,13.0
SRR8365302,3.0,716.0,29.0,21.0,4.0
SRR8365303,3.0,782.0,31.0,18.0,7.0
SRR8365304,1.0,1082.0,42.0,28.0,18.0
SRR8365305,6.0,894.0,55.0,16.0,11.0
SRR8365306,6.0,905.0,33.0,25.0,5.0
SRR8365307,2.0,755.0,32.0,21.0,11.0
SRR8365308,5.0,783.0,23.0,13.0,9.0
SRR8365309,8.0,743.0,40.0,30.0,9.0
SRR8365310,1.0,810.0,37.0,15.0,3.0
SRR8365311,10.0,,1.0,276.0,21.0
SRR8365312,59.0,,,528.0,76.0
SRR8365315,284768.0,6.0,,405.0,131.0
SRR8365316,74.0,1.0,100.0,283.0,1590958.0
SRR8365318,10.0,,,56.0,1.0
SRR8365319,10.0,,,214.0,4.0
SRR8365320,36.0,,,429.0,27.0
SRR8365321,1.0,279.0,10.0,8.0,
SRR8365322,,253.0,7.0,8.0,
SRR8365323,12.0,,,7.0,9.0
SRR8365326,,290.0,7.0,4.0,
SRR8365327,,295.0,9.0,4.0,
SRR8365328,1.0,315.0,12.0,6.0,
SRR8365329,,233.0,9.0,1.0,
SRR8365330,,264.0,7.0,7.0,
SRR8365331,1.0,307.0,7.0,6.0,
SRR8365332,6.0,,,178.0,5.0
SRR8365333,2.0,,,19.0,1.0
SRR8365334,7.0,,,2.0,5.0
SRR8365335,60.0,,89.0,261.0,2338657.0
SRR8365336,117774.0,4.0,,161.0,198.0
SRR8365339,19.0,,,178.0,24.0
SRR8365341,15.0,,1.0,879.0,17.0
SRR8365342,6.0,,,3.0,3.0
SRR8365343,70.0,3.0,92.0,266.0,2336490.0
SRR8365344,2.0,,,8.0,2.0
SRR8365345,35.0,3.0,162.0,1551.0,1666642.0
SRR8365346,144721.0,2.0,,427.0,49.0
SRR8365348,2.0,191.0,6.0,8.0,2.0
SRR8365350,116286.0,13.0,1.0,179.0,176.0
SRR8365351,46.0,,,190.0,46.0
SRR8365353,7.0,,,20.0,2.0
SRR8365354,10.0,,,153.0,14.0
SRR8365355,120.0,1.0,79.0,264.0,2444904.0
SRR8365356,15.0,,,5.0,6.0
SRR8365358,118872.0,35.0,,161.0,302.0
SRR8365359,5.0,,,176.0,3.0
SRR8365360,4.0,,,577.0,15.0
SRR8365361,88.0,4.0,181.0,1446.0,2347414.0
SRR8365362,12.0,,,15.0,9.0
SRR8365364,198343.0,2.0,,416.0,217.0
SRR8365365,7.0,,,856.0,4.0
SRR8365367,29.0,,,854.0,46.0
SRR8365369,2.0,,,552.0,
SRR8365371,35.0,,,193.0,33.0
SRR8365372,2.0,,,143.0,
SRR8365373,6.0,,,6.0,5.0
SRR8365374,83.0,,109.0,258.0,2481847.0
SRR8365375,5.0,,,170.0,5.0
SRR8365376,3.0,,,21.0,2.0
SRR8365378,36.0,,,186.0,26.0
SRR8365379,121564.0,15.0,,158.0,220.0
SRR8365381,8.0,,1.0,678.0,9.0
SRR8365382,4.0,,,151.0,2.0
SRR8365384,21.0,,,940.0,30.0
SRR8365385,197217.0,2.0,,414.0,186.0
SRR8365387,7.0,,,13.0,8.0
SRR8365388,79.0,2.0,196.0,1437.0,2322866.0
SRR8365389,184875.0,3.0,2.0,418.0,99.0
SRR8365393,7.0,,,24.0,4.0
SRR8365395,51.0,,,503.0,36.0
SRR8365396,5.0,,,165.0,8.0
SRR8365399,97.0,2.0,52.0,111.0,693895.0
SRR8365400,129570.0,2.0,,179.0,125.0
SRR8365401,3.0,,,599.0,5.0
SRR8365402,7.0,,,157.0,5.0
SRR8365403,5.0,327.0,12.0,8.0,1.0
SRR8365404,2.0,350.0,12.0,6.0,1.0
SRR8365405,2.0,306.0,13.0,8.0,
SRR8365406,,346.0,16.0,4.0,1.0
SRR8365407,4.0,295.0,12.0,13.0,6.0
SRR8365408,3.0,231.0,8.0,6.0,1.0
SRR8365409,,372.0,14.0,8.0,
SRR8365410,2.0,310.0,16.0,6.0,
SRR8365411,3.0,341.0,10.0,12.0,1.0
SRR8365412,,375.0,20.0,10.0,1.0
SRR8365413,50.0,2.0,213.0,1328.0,2164519.0
SRR8365414,4.0,,,24.0,2.0
SRR8365415,4.0,,,152.0,1.0
SRR8365416,3.0,,,523.0,3.0
SRR8365417,5.0,,1.0,795.0,11.0
SRR8365418,71.0,37666.0,268.0,290.0,232.0
SRR8365419,4.0,2369.0,11.0,17.0,17.0
SRR8365420,43.0,28352.0,139.0,262.0,227.0
SRR8365421,1.0,1919.0,2.0,3.0,1.0
SRR8365422,9.0,19178.0,66.0,79.0,27.0
SRR8365423,3.0,3101.0,11.0,15.0,6.0
SRR8365424,33.0,33240.0,186.0,189.0,124.0
SRR8365427,184120.0,2.0,1.0,443.0,170.0
SRR8365428,4.0,,,126.0,3.0
SRR8365429,21.0,,1.0,450.0,10.0
SRR8365431,,,,25.0,7.0
SRR8365432,127923.0,1.0,,149.0,78.0
SRR8365433,51.0,1.0,51.0,83.0,686801.0
SRR8365434,5.0,346.0,12.0,1.0,1.0
SRR8365435,4.0,275.0,8.0,4.0,
SRR8365436,3.0,379.0,13.0,8.0,1.0
SRR8365437,5.0,406.0,21.0,13.0,4.0
SRR8365438,,167.0,7.0,4.0,
SRR8365439,2.0,161.0,6.0,1.0,
SRR8365440,,236.0,7.0,2.0,
SRR8365441,3.0,269.0,11.0,3.0,
SRR8365442,67.0,3.0,189.0,1459.0,2192583.0
SRR8365443,2.0,380.0,13.0,5.0,4.0
SRR8365444,,461.0,23.0,9.0,1.0
SRR8365445,7.0,,,10.0,7.0
SRR8365446,13.0,5209.0,24.0,25.0,21.0
SRR8365447,58.0,34103.0,267.0,231.0,244.0
SRR8365448,6.0,2926.0,25.0,11.0,12.0
SRR8365449,36.0,35682.0,151.0,164.0,184.0
SRR8365450,1.0,3274.0,9.0,13.0,9.0
SRR8365451,10.0,,,161.0,15.0
SRR8365452,6.0,,,188.0,2.0
SRR8365453,,,,16.0,1.0
SRR8365454,2.0,,,2.0,3.0
SRR8365455,50.0,3.0,98.0,257.0,2287965.0
SRR8365456,16.0,1007.0,61.0,49.0,11.0
SRR8365457,10.0,764.0,37.0,34.0,6.0
SRR8365458,12.0,1327.0,99.0,68.0,15.0
SRR8365459,1.0,147.0,3.0,6.0,1.0
SRR8365460,2.0,46.0,,1.0,1.0
SRR8365461,1.0,197.0,7.0,9.0,1.0
SRR8365462,15.0,1036.0,56.0,41.0,17.0
SRR8365463,11.0,753.0,36.0,30.0,12.0
SRR8365464,11.0,1360.0,78.0,54.0,26.0
SRR8365465,10.0,1254.0,57.0,56.0,16.0
SRR8365466,69.0,1.0,209.0,1458.0,2207574.0
SRR8365467,50.0,32102.0,188.0,454.0,296.0
SRR8365471,33.0,33909.0,149.0,156.0,130.0
SRR8365473,12.0,25710.0,63.0,88.0,26.0
SRR8365474,8.0,816.0,54.0,33.0,14.0
SRR8365477,115899.0,20.0,,146.0,190.0
SRR8365480,317751.0,5.0,2.0,450.0,224.0
SRR8365481,133.0,1.0,110.0,344.0,1853988.0
SRR8365482,5.0,547.0,27.0,14.0,51.0
SRR8365483,125.0,13770.0,566.0,334.0,804.0
SRR8365485,50.0,17766.0,191.0,214.0,402.0
SRR8365487,9.0,,,64.0,8.0
SRR8365488,12.0,937.0,45.0,41.0,12.0
SRR8365489,6.0,873.0,55.0,39.0,14.0
SRR8365490,10.0,805.0,61.0,48.0,10.0
SRR8489722,,,,1.0,2.0
SRR8489723,,,,1.0,5.0
SRR8489724,,,,1.0,1.0
carAcc_00001,,,,3856.0,
carAcc_00002,,,1.0,3560.0,
carAcc_00003,,,,2101.0,
carAcc_00004,,,,2619.0,
carAcc_00005,1.0,,1.0,8858.0,2.0
carAcc_00006,2.0,,,8682.0,7.0
